Word,In Anki?
ที่,True
เป็น,True
และ,True
เอ,False
ของ,True
ถึง,True
ใน,True
ผม,True
คุณ,True
มัน,True
มี,True
ถึง,True
นั่น,False
สำหรับ,False
ทำ,True
เขา,True
กับ,True
บน,True
นี้,False
ไม่,False
เรา,True
นั่น,False
ไม่,False
แต่,True
พวกเขา,True
พูด,True
ที่,True
อะไร,True
ของเขา,True
จาก,True
ไป,True
หรือ,True
โดย,False
รับ,True
เธอ,True
ของฉัน,False
สามารถ,False
เช่น,False
ทราบ,True
ถ้า,True
ฉัน,False
ของคุณ,True
ทั้งหมด,False
ใคร,True
เกี่ยวกับ,False
ของพวกเขา,False
จะ,True
ดังนั้น,True
จะ,True
ทำ,True
แค่,True
ขึ้น,True
คิด,True
เวลา,True
ที่นั่น,True
ดู,True
ของเธอ,False
เช่น,False
ออก,True
หนึ่ง,True
มา,True
ผู้คน,False
เอา,True
ปี,True
เขา,True
พวกเขา,True
บาง,True
ต้องการ,False
อย่างไร,True
เมื่อไร,True
ที่,True
ตอนนี้,True
ชอบ,True
อื่น ๆ,False
สามารถ,False
ของเรา,False
เข้าไปข้างใน,False
ที่นี่,True
แล้ว,False
กว่า,True
ดู,True
ทาง,True
มากกว่า,False
เหล่านี้,False
ไม่,False
สิ่ง,True
ดี,True
เพราะ,True
อีกด้วย,False
สอง,True
ใช้,True
บอก,True
ดี,True
แรก,True
ชาย,False
วัน,True
หา,True
ให้,True
มากกว่า,False
ใหม่,True
หนึ่ง,True
เรา,True
ใด ๆ,False
เหล่านั้น,False
มาก,True
ของเธอ,False
ความต้องการ,False
กลับ,True
ที่นั่น,True
ควร,True
สม่ำเสมอ,False
เท่านั้น,False
มากมาย,False
จริงๆ,False
งาน,True
ชีวิต,True
ทำไม,True
ขวา,True
ลง,True
บน,True
ลอง,True
อนุญาต,False
บางสิ่งบางอย่าง,False
ด้วย,True
เรียก,False
ผู้หญิง,True
พฤษภาคม,False
นิ่ง,False
ผ่าน,True
หมายถึง,True
หลังจาก,False
ไม่เคย,False
ไม่,False
โลก,True
ใน,True
รู้สึก,True
ใช่,False
ยอดเยี่ยม,True
ล่าสุด,True
เด็ก,True
โอ้,False
เกิน,True
ถาม,False
เมื่อไร,True
เช่น,False
โรงเรียน,True
สถานะ,False
มาก,True
พูดคุย,False
ออก,True
เก็บ,True
ออกจาก,False
ใส่,True
ชอบ,True
ช่วย,True
ใหญ่,True
ที่ไหน,True
เดียวกัน,True
ทั้งหมด,False
เป็นเจ้าของ,False
ในขณะที่,False
เริ่ม,True
สาม,True
สูง,True
ทั้งหมด,False
อื่น,True
กลายเป็น,False
ที่สุด,True
ระหว่าง,True
เกิดขึ้น,False
ตระกูล,False
เกิน,True
ประธาน,False
เก่า,True
ใช่,False
บ้าน,True
แสดง,False
อีกครั้ง,False
นักเรียน,True
ดังนั้น,True
ดูเหมือน,False
อาจ,False
ส่วนหนึ่ง,False
ได้ยิน,True
ของมัน,False
สถานที่,False
ปัญหา,False
ที่ไหน,True
เชื่อ,True
ประเทศ,False
เสมอ,False
สัปดาห์,True
จุด,True
มือ,True
ปิด,True
เล่น,True
เปลี่ยน,False
น้อย,False
กลุ่ม,True
เช่น,False
ขัดต่อ,False
วิ่ง,True
ผู้ชาย,True
เกี่ยวกับ,False
กรณี,False
คำถาม,True
งาน,True
กลางคืน,True
สด,True
เกม,False
ตัวเลข,False
เขียน,True
นำมา,False
ปราศจาก,False
เงิน,True
มาก,True
ที่สุด,True
หนังสือ,False
ระบบ,False
รัฐบาล,True
ต่อไป,False
เมือง,True
บริษัท,True
เรื่องราว,False
วันนี้,True
งาน,True
เคลื่อนไหว,False
ต้อง,True
แย่,True
เพื่อน,True
ในระหว่าง,False
เริ่ม,True
รัก,True
แต่ละ,False
ถือ,True
แตกต่าง,False
อเมริกัน,False
เล็กน้อย,False
ก่อน,True
เคย,True
คำ,True
ข้อเท็จจริง,False
ขวา,True
อ่าน,True
อะไรก็ตาม,False
ไม่มีอะไร,False
แน่นอน,True
เล็ก,True
เดือน,True
โปรแกรม,False
อาจจะ,True
ขวา,True
ภายใต้,False
ธุรกิจ,True
บ้าน,True
ใจดี,True
หยุด,True
จ่าย,True
ศึกษา,False
ตั้งแต่,True
ปัญหา,False
ชื่อ,False
ความคิด,True
ห้อง,True
เปอร์เซ็นต์,False
ไกล,True
ห่างออกไป,False
กฎ,False
จริงๆแล้ว,False
ใหญ่,True
แม้ว่า,False
จัดเตรียม,False
สูญเสีย,False
พลัง,False
เด็ก,True
สงคราม,False
เข้าใจ,True
ศีรษะ,False
แม่,True
จริง,False
ดีที่สุด,True
ทีม,False
ดวงตา,False
ยาว,True
ยาว,True
ด้านข้าง,False
น้ำ,True
หนุ่มสาว,False
รอ,True
ตกลง,True
ทั้งสอง,False
ยัง,True
หลังจาก,False
พบกัน,False
บริการ,True
พื้นที่,False
สำคัญ,True
บุคคล,False
เฮ้,False
ขอบคุณ,False
มาก,True
บางคน,False
จบ,True
เปลี่ยน,False
อย่างไรก็ตาม,False
เท่านั้น,False
รอบ ๆ,False
ชั่วโมง,False
ทุกอย่าง,False
ระดับชาติ,False
สี่,True
ไลน์,False
สาว,False
รอบ ๆ,False
ดู,True
จนกระทั่ง,False
พ่อ,True
นั่ง,True
สร้าง,False
ข้อมูล,False
รถยนต์,True
เรียนรู้,False
น้อยที่สุด,False
แล้ว,False
ฆ่า,False
นาที,True
งานสังสรรค์,False
รวม,False
ยืน,True
ด้วยกัน,False
กลับ,True
ติดตาม,False
สุขภาพ,True
จดจำ,False
บ่อยครั้ง,False
เหตุผล,False
พูด,True
ที่ผ่านมา,False
ชุด,True
สีดำ,True
สมาชิก,False
ชุมชน,False
ครั้งหนึ่ง,False
ทางสังคม,False
ข่าว,True
อนุญาต,False
ชนะ,False
ร่างกาย,False
ตะกั่ว,False
ดำเนินต่อ,False
ไม่ว่า,False
เพียงพอ,False
ใช้จ่าย,False
ระดับ,False
สามารถ,False
ทางการเมือง,False
เกือบ,True
เด็กผู้ชาย,True
มหาวิทยาลัย,True
ก่อน,True
อยู่,True
เพิ่ม,False
ภายหลัง,False
เปลี่ยน,False
ห้า,True
อาจจะ,True
ศูนย์,True
ท่ามกลาง,False
ใบหน้า,False
สาธารณะ,False
ตาย,True
อาหาร,True
อื่น,True
ประวัติศาสตร์,True
ซื้อ,True
ผลลัพธ์,False
เช้า,True
ปิด,True
พ่อแม่,False
สำนักงาน,True
คอร์ส,False
ส่ง,False
งานวิจัย,False
เดิน,True
ประตู,True
สีขาว,True
หลาย,True
ศาล,False
บ้าน,True
เติบโต,False
ดีกว่า,True
เปิด,True
ช่วงเวลา,False
รวมทั้ง,False
พิจารณา,False
ทั้งสอง,False
เช่น,False
เล็กน้อย,False
ภายใน,False
ที่สอง,False
ช้า,True
ถนน,False
ฟรี,False
ดีกว่า,True
ทุกคน,False
นโยบาย,False
ตาราง,False
ขอโทษ,False
ดูแล,True
ต่ำ,True
มนุษย์,False
โปรด,True
หวัง,True
จริง,False
กระบวนการ,False
ครู,True
ข้อมูล,False
เสนอ,False
ความตาย,False
ทั้งหมด,False
ประสบการณ์,False
วางแผน,False
ง่าย,True
การศึกษา,False
สร้าง,False
คาดหวัง,False
ตก,True
ตัวเขาเอง,False
อายุ,False
แข็ง,False
ความรู้สึก,False
ข้าม,True
แสดง,False
แต่แรก,False
วิทยาลัย,False
ดนตรี,False
ปรากฏ,False
จิตใจ,False
ระดับ,False
ตำรวจ,False
ใช้,True
ผล,False
ฤดูกาล,False
ภาษี,False
หัวใจ,False
ลูกชาย,True
ศิลปะ,False
เป็นไปได้,False
ให้บริการ,False
หยุดพัก,False
แม้ว่า,False
จบ,True
ตลาด,True
สม่ำเสมอ,False
อากาศ,True
บังคับ,False
จำเป็นต้อง,False
เท้า,True
ขึ้น,True
ฟัง,False
เห็นด้วย,False
ตาม,True
ใครก็ได้,False
ที่รัก,False
ผิด,True
รัก,True
ตัด,True
ตัดสินใจ,True
สาธารณรัฐ,False
เต็ม,True
ด้านหลัง,False
ผ่าน,True
น่าสนใจ,False
บางครั้ง,True
ความปลอดภัย,False
กิน,True
รายงาน,True
ควบคุม,False
ประเมินค่า,False
ท้องถิ่น,False
แนะนำ,True
รายงาน,True
ชาติ,True
ขาย,True
หนังบู๊,False
สนับสนุน,False
ภรรยา,False
การตัดสินใจ,False
ได้รับ,False
ค่า,False
ฐาน,True
เลือก,True
โทรศัพท์,True
ขอบใจ,False
เหตุการณ์,False
ขับ,True
แข็งแกร่ง,False
เข้าถึง,False
ยังคง,False
อธิบาย,True
งาน,True
ตี,True
ดึง,False
คริสตจักร,False
แบบอย่าง,False
บางที,True
ความสัมพันธ์,False
หก,True
ละเอียด,False
ภาพยนตร์,False
สนาม,True
ยก,True
น้อย,False
ผู้เล่น,False
คู่,True
ล้าน,True
ตัวพวกเขาเอง,False
บันทึก,False
โดยเฉพาะ,False
ความแตกต่าง,False
แสงสว่าง,False
การพัฒนา,False
รัฐบาลกลาง,False
อดีต,False
บทบาท,False
สวย,True
ตัวฉันเอง,False
ดู,True
ราคา,True
ความพยายาม,False
ดี,True
ค่อนข้าง,False
ตาม,True
เสียง,False
ในที่สุด,False
แผนก,False
ทั้ง,True
ไปทาง,False
หัวหน้า,True
เพราะ,True
รูปถ่าย,False
สวมใส่,False
ช่องว่าง,False
โครงการ,False
กลับ,True
ตำแหน่ง,False
พิเศษ,True
ล้าน,True
ฟิล์ม,False
ความต้องการ,False
วิชาเอก,False
พิมพ์,False
เมือง,True
บทความ,False
ถนน,False
รูปร่าง,False
โอกาส,True
ยา,True
เศรษฐกิจ,False
สถานการณ์,True
เลือก,True
ฝึกฝน,False
สาเหตุ,False
มีความสุข,True
ศาสตร์,False
เข้าร่วม,False
สอน,True
แต่แรก,False
พัฒนา,False
แบ่งปัน,False
ตัวคุณเอง,False
พก,False
แจ่มใส,False
พี่ชาย,True
วัตถุ,False
ตาย,True
ภาพ,False
ดาว,False
ค่าใช้จ่าย,False
อย่างง่าย,False
โพสต์,False
สังคม,False
รูปภาพ,True
ชิ้นส่วน,False
กระดาษ,True
พลังงาน,False
ส่วนตัว,True
อาคาร,False
ทหาร,True
เปิด,True
หมอ,True
กิจกรรม,False
อย่างแน่นอน,False
อเมริกัน,False
สื่อ,False
นางสาว,False
หลักฐาน,False
ผลิตภัณฑ์,False
ตระหนัก,False
บันทึก,False
แขน,True
เทคโนโลยี,False
จับ,True
ความคิดเห็น,False
ดู,True
ภาคเรียน,False
สี,False
ปิดบัง,False
บรรยาย,False
เดา,False
ทางเลือก,False
แหล่งที่มา,False
แม่,True
เร็ว ๆ นี้,False
ผู้อำนวยการ,False
ระหว่างประเทศ,False
กฎ,False
แคมเปญ,False
พื้น,True
การเลือกตั้ง,False
ใบหน้า,False
เอ่อ,False
ตรวจสอบ,False
หน้าหนังสือ,False
ต่อสู้,False
ตัวเอง,False
ทดสอบ,False
อดทน,False
ผลิต,False
แน่ใจ,False
อะไรก็ตาม,False
ครึ่ง,True
วีดีโอ,False
สนับสนุน,False
โยน,False
ที่สาม,False
ดูแล,True
พักผ่อน,False
ล่าสุด,True
มีอยู่,False
ขั้นตอน,False
พร้อม,True
โอกาส,True
เป็นทางการ,False
น้ำมัน,True
เรียก,False
องค์กร,False
อักขระ,False
เดี่ยว,False
หมุนเวียน,False
เป็นไปได้,False
เขต,True
อนาคต,False
พ่อ,True
ของใคร,False
น้อย,False
ยิง,False
อุตสาหกรรม,False
ที่สอง,False
รายการ,True
ทั่วไป,True
สิ่งของ,False
รูป,True
ความสนใจ,False
ลืม,True
เสี่ยง,False
ไม่,False
จุดสนใจ,False
สั้น,True
ไฟ,False
สุนัข,True
สีแดง,True
ผม,True
จุด,True
สภาพ,True
กำแพง,False
ลูกสาว,True
ก่อน,True
ข้อเสนอ,False
ผู้เขียน,False
ความจริง,False
เมื่อ,False
สามี,True
ระยะเวลา,False
ชุด,True
คำสั่ง,True
เจ้าหน้าที่,False
ปิด,True
ที่ดิน,False
บันทึก,False
คอมพิวเตอร์,True
คิด,True
เศรษฐกิจ,False
เป้าหมาย,False
ธนาคาร,True
พฤติกรรม,False
เสียง,False
ข้อเสนอ,False
แน่นอน,True
เกือบ,True
เพิ่ม,False
กระทำ,False
ทิศเหนือ,False
ดี,True
เลือด,True
วัฒนธรรม,True
ทางการแพทย์,False
ตกลง,True
ทุกคน,False
สูงสุด,False
ยาก,True
ปิด,True
ภาษา,False
หน้าต่าง,True
การตอบสนอง,False
ประชากร,False
โกหก,True
ต้นไม้,False
สวน,True
คนงาน,False
วาด,False
วางแผน,False
หยด,False
ดัน,False
โลก,True
สาเหตุ,False
ต่อ,True
ส่วนตัว,True
คืนนี้,False
แข่ง,False
กว่า,True
จดหมาย,False
อื่น ๆ,False
ปืน,False
เรียบง่าย,False
คอร์ส,False
สิ่งมหัศจรรย์,False
มีส่วนร่วม,False
นรก,False
ยากจน,False
แต่ละ,False
คำตอบ,True
ธรรมชาติ,False
การบริหาร,False
ทั่วไป,True
ไม่,False
แข็ง,False
ข้อความ,False
เพลง,True
เพลิดเพลิน,False
คล้ายกัน,False
รัฐสภา,False
จู่โจม,False
อดีต,False
ร้อน,True
แสวงหา,False
จำนวน,False
การวิเคราะห์,False
เก็บ,True
ป้องกัน,False
ใบแจ้งหนี้,False
ชอบ,True
เซลล์,False
ห่างออกไป,False
ประสิทธิภาพ,False
โรงพยาบาล,True
เตียง,False
กระดาน,False
ปกป้อง,False
ศตวรรษ,False
ฤดูร้อน,True
วัสดุ,False
รายบุคคล,False
เร็ว ๆ นี้,False
ตัวอย่าง,False
แทน,False
เติม,True
สถานะ,False
สถานที่,False
สัตว์,True
ล้มเหลว,False
ปัจจัย,False
เป็นธรรมชาติ,False
ท่าน,False
หน่วยงาน,False
โดยปกติ,False
สำคัญ,True
ช่วย,True
ความสามารถ,False
ไมล์,False
คำให้การ,False
ทั้งหมด,False
ประชาธิปัตย์,False
พื้น,True
จริงจัง,False
อาชีพ,True
ดอลลาร์,False
โหวต,False
เพศ,False
เปรียบเทียบ,True
ใต้,True
ซึ่งไปข้างหน้า,False
เรื่อง,True
การเงิน,False
แยกแยะ,False
สวย,True
ทศวรรษ,False
นิดหน่อย,True
ลด,True
น้องสาว,True
คุณภาพ,False
อย่างรวดเร็ว,False
กระทำ,False
กด,False
กังวล,True
ยอมรับ,False
เข้าสู่,False
กล่าวถึง,False
เสียง,False
ดังนั้น,True
ปลูก,False
ความเคลื่อนไหว,False
ฉาก,False
ส่วน,True
การรักษา,False
ประสงค์,False
ประโยชน์,True
น่าสนใจ,False
ตะวันตก,False
ผู้สมัคร,False
เข้าใกล้,False
กำหนด,True
ทรัพยากร,False
เรียกร้อง,False
คำตอบ,True
พิสูจน์,True
เรียงลำดับ,False
เพียงพอ,False
ขนาด,True
ใครบางคน,False
ความรู้,False
ค่อนข้าง,False
แขวน,False
กีฬา,True
โทรทัศน์,False
การสูญเสีย,False
โต้แย้ง,False
ซ้าย,True
บันทึก,False
การประชุม,True
ทักษะ,False
การ์ด,False
ความรู้สึก,False
ถึงอย่างไรก็ตาม,False
ระดับ,False
อาชญากรรม,False
นั่น,False
เข้าสู่ระบบ,False
เกิดขึ้น,False
จินตนาการ,True
โหวต,False
ใกล้,True
กษัตริย์,False
กล่อง,False
ปัจจุบัน,False
รูป,True
เจ็ด,True
ต่างชาติ,False
หัวเราะ,True
โรค,False
ผู้หญิง,True
เกิน,True
หารือ,False
เสร็จ,True
ออกแบบ,False
กังวล,True
ลูกบอล,False
ทิศตะวันออก,False
จำได้,False
นำมาใช้,False
เตรียมตัว,False
เครือข่าย,False
ใหญ่,True
ความสำเร็จ,False
อำเภอ,True
ถ้วย,True
ชื่อ,False
ทางกายภาพ,False
การเจริญเติบโต,False
ลุกขึ้น,False
สวัสดี,False
มาตรฐาน,False
บังคับ,False
เข้าสู่ระบบ,False
พัดลม,False
ทฤษฎี,False
พนักงาน,True
เจ็บ,True
ถูกกฎหมาย,False
กันยายน,False
ชุด,True
ข้างนอก,True
et,False
กลยุทธ์,False
ชัดเจน,False
คุณสมบัติ,False
วาง,True
สุดท้าย,False
อำนาจ,False
สมบูรณ์แบบ,False
กระบวนการ,False
ภูมิภาค,False
ตั้งแต่,True
ผลกระทบ,False
ระบุ,False
ปลอดภัย,False
คณะกรรมการ,False
ที่ควร,False
ฝัน,True
การฝึกอบรม,False
อึ,True
ศูนย์กลาง,False
ตัวเลือก,False
แปด,True
โดยเฉพาะ,False
อย่างสมบูรณ์,False
ความคิดเห็น,False
หลัก,False
สิบ,True
สัมภาษณ์,False
มีอยู่,False
ลบ,True
มืด,False
เล่น,True
สหภาพ,False
ศาสตราจารย์,False
ความดัน,False
วัตถุประสงค์,False
เวที,False
สีฟ้า,True
ตัวเธอเอง,False
ดวงอาทิตย์,False
ความเจ็บปวด,False
ศิลปิน,False
พนักงาน,True
หลีกเลี่ยง,False
บัญชีผู้ใช้,False
ปล่อย,False
กองทุน,False
สิ่งแวดล้อม,False
รักษา,True
เฉพาะเจาะจง,False
รุ่น,False
ยิง,False
เกลียด,True
ความเป็นจริง,False
เยี่ยม,True
คลับ,False
ความยุติธรรม,False
แม่น้ำ,True
สมอง,False
หน่วยความจำ,False
หิน,False
พูดคุย,False
กล้อง,True
ทั่วโลก,False
หลากหลาย,False
มาถึง,False
สังเกต,False
นิดหน่อย,True
รายละเอียด,False
ท้าทาย,False
การโต้เถียง,False
มาก,True
ไม่มีใคร,False
อาวุธ,True
ดีที่สุด,True
สถานี,True
เกาะ,True
อย่างแน่นอน,False
แทนที่,False
อภิปรายผล,False
แทนที่,False
ส่งผลกระทบ,False
ออกแบบ,False
เล็กน้อย,False
ถึงอย่างไร,False
ตอบกลับ,False
ควบคุม,False
ปัญหา,False
การสนทนา,False
จัดการ,False
ปิด,True
วันที่,False
สาธารณะ,False
กองทัพ,False
สูงสุด,False
โพสต์,False
ค่าใช้จ่าย,False
ที่นั่ง,False
สมมติ,False
นักเขียน,False
ดำเนินการ,False
เครดิต,False
เขียว,False
การแต่งงาน,False
การดำเนินการ,False
อย่างแท้จริง,False
นอน,True
จำเป็น,True
เปิดเผย,True
ตัวแทน,True
เข้าถึง,False
บาร์,False
อภิปราย,False
ขา,True
บรรจุ,False
ชนะ,False
เย็น,True
ประชาธิปไตย,False
เย็น,True
กระจก,False
ทำให้ดีขึ้น,False
ผู้ใหญ่,False
ซื้อขาย,False
เคร่งศาสนา,False
ศีรษะ,False
ทบทวน,False
ใจดี,True
ที่อยู่,False
สมาคม,False
วัด,True
หุ้น,False
แก๊ส,True
ลึก,False
ทนายความ,False
การผลิต,False
เกี่ยวข้อง,False
กลาง,True
การจัดการ,False
ต้นฉบับ,False
เหยื่อ,False
โรคมะเร็ง,False
คำพูด,False
โดยเฉพาะ,False
การทดลอง,False
ไม่มี,False
สิ่งของ,False
น้ำหนัก,False
พรุ่งนี้,True
ขั้นตอน,False
เชิงบวก,False
รูปร่าง,False
พลเมือง,False
ศึกษา,False
การเดินทาง,False
สร้าง,False
ผู้บริหาร,False
การเมือง,True
ติด,True
ลูกค้า,True
ผู้จัดการ,False
ค่อนข้าง,False
เผยแพร่,False
เป็นที่นิยม,False
ร้องเพลง,True
ข้างหน้า,True
การประชุม,True
ทั้งหมด,False
ค้นพบ,False
เร็ว,True
ฐาน,True
ทิศทาง,False
วันอาทิตย์,False
บำรุงรักษา,False
อดีต,False
ข้างมาก,False
ความสงบ,False
อาหารเย็น,False
พันธมิตร,False
ผู้ใช้,False
ข้างต้น,False
บิน,True
กระเป๋า,True
ดังนั้น,True
รวย,True
รายบุคคล,False
ยาก,True
เจ้าของ,True
จะ,True
ข้างใน,True
ผู้มีสิทธิเลือกตั้ง,False
เครื่องมือ,False
มิถุนายน,False
ไกล,True
พฤษภาคม,False
ภูเขา,True
พิสัย,False
โค้ช,False
กลัว,True
วันศุกร์,False
อัยการ,False
เว้นเสียแต่ว่า,False
ก็ไม่เช่นกัน,False
ผู้เชี่ยวชาญ,False
โครงสร้าง,False
งบประมาณ,False
ประกันภัย,False
ข้อความ,False
เสรีภาพ,False
คลั่งไคล้,False
ผู้อ่าน,False
สไตล์,False
ผ่าน,True
มีนาคม,False
เครื่องจักร,False
พฤศจิกายน,False
รุ่น,False
รายได้,True
เกิด,False
ยอมรับ,False
สวัสดี,False
ไปยัง,False
ทะเล,True
ตกลง,True
ปาก,True
ตลอดทั้ง,False
เป็นเจ้าของ,False
ทดสอบ,False
เว็บ,False
เขย่า,False
ภัยคุกคาม,False
สารละลาย,False
ปิด,True
ลง,True
การท่องเที่ยว,False
นักวิทยาศาสตร์,False
ซ่อน,True
อย่างชัดเจน,False
อ้างอิง,False
ตามลำพัง,False
ดื่ม,True
การสืบสวน,False
วุฒิสมาชิก,False
หน่วย,False
ภาพถ่าย,False
กรกฎาคม,False
โทรทัศน์,False
กุญแจ,True
ทางเพศ,False
วิทยุ,False
ป้องกัน,False
ครั้งหนึ่ง,False
ทันสมัย,False
วุฒิสภา,False
ความรุนแรง,False
สัมผัส,False
ลักษณะเฉพาะ,False
ผู้ชม,False
ตอนเย็น,False
ใคร,True
ด้านหน้า,False
ห้องโถง,False
งาน,True
คะแนน,False
ผิว,True
ทุกข์ทรมาน,False
กว้าง,False
ฤดูใบไม้ผลิ,True
ประสบการณ์,False
พลเรือน,False
ความปลอดภัย,False
สุดสัปดาห์,False
ในขณะที่,False
คุณค่า,False
ชื่อ,False
ความร้อน,False
ปกติ,True
หวัง,True
ลาน,False
นิ้ว,False
มีแนวโน้ม,False
ภารกิจ,False
ในท้ายที่สุด,False
ผู้เข้าร่วม,False
โรงแรม,True
ผู้พิพากษา,False
ลวดลาย,False
หยุดพัก,False
สถาบัน,False
ศรัทธา,False
มืออาชีพ,True
สะท้อน,False
พื้นบ้าน,False
พื้นผิว,False
ตก,True
ลูกค้า,True
ขอบ,False
แบบดั้งเดิม,False
สภา,False
อุปกรณ์,False
บริษัท,True
ด้านสิ่งแวดล้อม,False
ความรับผิดชอบ,False
เก้าอี้,True
อินเทอร์เน็ต,False
ตุลาคม,False
โดย,False
ตลก,True
โดยทันที,False
การลงทุน,False
เรือ,False
มีประสิทธิภาพ,False
ก่อนหน้า,False
เนื้อหา,False
ผู้บริโภค,False
องค์ประกอบ,False
นิวเคลียร์,False
วิญญาณ,False
โดยตรง,False
เกรงกลัว,False
กำหนด,True
ด้ามจับ,False
ติดตาม,False
วิ่ง,True
ลม,True
ขาด,True
ค่าใช้จ่าย,False
ประกาศ,False
วารสาร,False
หนัก,False
น้ำแข็ง,False
ของสะสม,False
ให้อาหาร,False
ทหาร,True
แค่,True
ผู้ว่าราชการจังหวัด,False
ปลา,True
ไหล่,False
ทางวัฒนธรรม,False
ประสบความสำเร็จ,False
ยุติธรรม,False
เชื่อมั่น,False
กะทันหัน,False
อนาคต,False
สนใจ,True
ส่งมอบ,False
วันเสาร์,False
บรรณาธิการ,False
สด,True
ใครก็ได้,False
ทำลาย,False
เรียกร้อง,False
วิกฤต,False
ข้อตกลง,False
ทรงพลัง,False
นักวิจัย,False
แนวคิด,False
เต็มใจ,False
วงดนตรี,False
แต่งงาน,False
สัญญา,True
อย่างง่ายดาย,False
ร้านอาหาร,True
ลีก,False
อาวุโส,False
เงินทุน,False
อีกต่อไป,False
เมษายน,False
ศักยภาพ,False
ฯลฯ,False
เร็ว,True
นิตยสาร,False
สถานะ,False
เข้าร่วม,False
แทนที่,False
เนื่องจาก,False
เนินเขา,False
ครัว,False
บรรลุ,False
หน้าจอ,False
โดยทั่วไป,False
ความผิดพลาด,False
ตาม,True
โจมตี,False
การต่อสู้,False
จุด,True
ขั้นพื้นฐาน,False
มาก,True
มุม,False
เป้า,False
คนขับ,False
จุดเริ่มต้น,False
ศาสนา,True
วิกฤติ,False
นับ,True
พิพิธภัณฑ์,True
หมั้น,False
การสื่อสาร,False
ฆาตกรรม,False
เป่า,False
วัตถุ,False
ด่วน,True
ฮะ,False
ให้กำลังใจ,True
วัตถุ,False
บล็อก,False
รอยยิ้ม,False
กลับ,True
ความเชื่อ,False
บล็อก,False
หนี้,True
ไฟ,False
แรงงาน,False
ความเข้าใจ,False
ละแวกบ้าน,False
สัญญา,True
กลาง,True
สายพันธุ์,False
เพิ่มเติม,False
ตัวอย่าง,False
ที่เกี่ยวข้อง,False
ข้างใน,True
ส่วนใหญ่,False
เส้นทาง,False
น่ากังวล,False
แอปเปิ้ล,False
จัดการ,False
พระเจ้า,False
มหัศจรรย์,False
ห้องสมุด,True
คุก,True
รู,True
พยายาม,True
เสร็จสิ้น,False
รหัส,False
ฝ่ายขาย,False
ของขวัญ,False
ปฏิเสธ,True
เพิ่ม,False
สวน,True
แนะนำ,True
ม้วน,True
คริสเตียน,False
อย่างแน่นอน,False
ชอบ,True
ทะเลสาบ,True
เปลี่ยน,False
แน่นอน,True
ได้รับ,False
เครื่องบิน,True
ยานพาหนะ,False
พิจารณา,False
แอปพลิเคชัน,False
พัน,True
กาแฟ,True
ได้รับ,False
ผลลัพธ์,False
ไฟล์,False
พันล้าน,False
ปฏิรูป,False
ไม่สนใจ,False
ยินดีต้อนรับ,False
ทอง,True
กระโดด,False
ดาวเคราะห์,False
ที่ตั้ง,False
นก,True
อัศจรรย์,False
หลักการ,False
ส่งเสริม,False
ค้นหา,False
เก้า,True
มีชีวิตอยู่,False
ความเป็นไปได้,False
ท้องฟ้า,False
มิฉะนั้น,False
เตือน,False
สุขภาพดี,False
พอดี,True
ม้า,True
ข้อได้เปรียบ,False
ทางการค้า,False
ขโมย,False
พื้นฐาน,False
บริบท,False
อย่างมาก,False
คริสต์มาส,False
ความแข็งแกร่ง,False
เคลื่อนไหว,False
วันจันทร์,False
หมายถึง,True
ตามลำพัง,False
ชายหาด,True
สำรวจ,False
การเขียน,False
ผู้เชี่ยวชาญ,False
ร้องไห้,True
มาตราส่วน,False
ผู้อยู่อาศัย,False
ฟุตบอล,True
หวาน,True
ความล้มเหลว,False
ผู้สื่อข่าว,False
ให้สัญญา,False
ต่อสู้,False
หนึ่ง,True
ที่เกี่ยวข้อง,False
วิสัยทัศน์,False
การทำงาน,False
อย่างแท้จริง,False
ป่วย,True
เฉลี่ย,False
มนุษย์,False
โง่,False
จะ,True
ภาษาจีน,False
การเชื่อมต่อ,False
ค่าย,False
หิน,False
ร้อย,False
กุญแจ,True
รถบรรทุก,False
ยามบ่าย,False
รับผิดชอบ,True
เลขานุการ,False
เห็นได้ชัดว่า,False
ฉลาด,False
ภาคใต้,False
โดยสิ้นเชิง,False
ทางทิศตะวันตก,False
เก็บรวบรวม,False
ขัดแย้ง,False
เผา,False
การเรียนรู้,False
ตื่น,True
มีส่วนช่วย,False
ขี่,True
อังกฤษ,False
กำลังติดตาม,False
คำสั่ง,True
แบ่งปัน,False
หนังสือพิมพ์,True
พื้นฐาน,False
ความหลากหลาย,False
ทัศนคติ,False
เอกสาร,True
การมีอยู่,False
จ้อง,False
บทเรียน,False
ขีดจำกัด,False
ชื่นชม,False
เสร็จสิ้น,False
สังเกต,False
ตอนนี้,True
ร้อย,False
สนุก,False
ฝูงชน,False
จู่โจม,False
อพาร์ทเม้น,False
อยู่รอด,False
แขก,False
วิญญาณ,False
การป้องกัน,False
ปัญญา,False
เมื่อวาน,True
ที่ไหนสักแห่ง,False
ชายแดน,False
การอ่าน,False
เงื่อนไข,False
ความเป็นผู้นำ,False
ปัจจุบัน,False
หัวหน้า,True
ทัศนคติ,False
เริ่ม,True
อืม,False
ปฏิเสธ,True
เว็บไซต์,False
อย่างจริงจัง,False
แท้จริง,False
จำ,True
แก้ไข,True
เชิงลบ,False
เชื่อมต่อ,False
ระยะทาง,False
ปกติ,True
ภูมิอากาศ,False
ความสัมพันธ์,False
เที่ยวบิน,False
อันตราย,True
เรือ,False
ด้าน,False
คว้า,False
จนกระทั่ง,False
ที่ชื่นชอบ,False
ชอบ,True
มกราคม,False
เป็นอิสระ,False
ปริมาณ,False
เช้า,True
จำนวนมาก,False
ด้านหน้า,False
ออนไลน์,False
โรงภาพยนตร์,False
ความเร็ว,False
รับรู้,False
ตัวตน,False
ความต้องการ,False
พิเศษ,True
ค่าใช้จ่าย,False
อารักขา,False
สาธิต,False
อย่างเต็มที่,False
วันอังคาร,False
สิ่งอำนวยความสะดวก,False
ฟาร์ม,False
จิตใจ,False
สนุก,False
พัน,True
สิงหาคม,False
จ้าง,True
แสงสว่าง,False
ลิงค์,False
รองเท้า,True
สถาบัน,False
ด้านล่าง,False
การดำรงชีวิต,False
ยุโรป,False
หนึ่งในสี่,False
โดยทั่วไป,False
ป่า,True
หลายรายการ,False
โพล,False
ป่า,True
วัด,True
สองครั้ง,False
ข้าม,True
พื้นหลัง,False
ชำระ,True
ฤดูหนาว,True
จุดสนใจ,False
ประธานาธิบดี,False
ดำเนินงาน,False
เพศสัมพันธ์,False
ดู,True
รายวัน,False
ร้านค้า,False
ข้างต้น,False
แผนก,False
ช้า,True
คำแนะนำ,False
ปฏิกิริยา,False
บาดเจ็บ,False
มัน,True
ตั๋ว,True
ระดับ,False
ว้าว,False
การเกิด,False
จิตรกรรม,False
ผล,False
ศัตรู,False
ความเสียหาย,False
สิ่งมีชีวิต,False
พายุ,False
รูปร่าง,False
ชาม,True
คณะกรรมการ,False
กัปตัน,False
หู,True
กองทหาร,False
หญิง,False
ไม้,True
อบอุ่น,True
ทำความสะอาด,True
ตะกั่ว,False
รัฐมนตรี,False
เพื่อนบ้าน,True
ขนาดเล็ก,False
จิต,False
ซอฟต์แวร์,False
ยินดี,False
หา,True
ลอร์ด,False
ขับ,True
อุณหภูมิ,False
เงียบ,True
การแพร่กระจาย,False
สว่าง,False
ตัด,True
อิทธิพล,False
เตะ,True
ประจำปี,False
ขั้นตอน,False
เคารพ,False
คลื่น,False
ธรรมเนียม,False
ข่มขู่,False
หลัก,False
แปลก,False
นักแสดงชาย,False
ตำหนิ,False
คล่องแคล่ว,False
แมว,True
ขึ้นอยู่กับ,False
รสบัส,False
เสื้อผ้า,True
ธุระ,True
ติดต่อ,False
หมวดหมู่,False
หัวข้อ,False
ชัยชนะ,False
โดยตรง,False
ต่อ,True
แผนที่,True
ไข่,True
ทำให้มั่นใจ,False
ทั่วไป,True
การแสดงออก,False
อดีต,False
การประชุม,True
การแข่งขัน,False
อาจจะ,True
เทคนิค,False
ของฉัน,False
เฉลี่ย,False
ตั้งใจ,True
เป็นไปไม่ได้,False
ศีลธรรม,False
เชิงวิชาการ,False
ไวน์,True
เข้าใกล้,False
อย่างใด,False
รวมตัว,False
วิทยาศาสตร์,False
แอฟริกัน,False
ทำอาหาร,True
มีส่วนร่วม,False
เกย์,False
เหมาะสม,False
ความเยาว์,False
ชุด,True
ตรง,True
สภาพอากาศ,False
แนะนำ,True
ยา,True
นิยาย,False
ชัดเจน,False
วันพฤหัสบดี,False
แลกเปลี่ยน,False
สำรวจ,False
ขยาย,False
อ่าว,True
เชิญชวน,False
ผูก,False
อา,True
เป็นของ,False
รับ,True
กว้าง,False
บทสรุป,False
ความคืบหน้า,False
เซอร์ไพรส์,False
การประเมิน,False
รอยยิ้ม,False
ลักษณะเฉพาะ,False
เงินสด,True
ป้องกัน,False
ปอนด์,False
ถูกต้อง,False
แต่งงานแล้ว,False
คู่,True
เล็กน้อย,False
เงินกู้,False
หมู่บ้าน,False
ครึ่ง,True
สูท,False
ความต้องการ,False
ประวัติศาสตร์,True
ความหมาย,False
พยายาม,True
จัดหา,False
ยก,True
ตัวเราเอง,False
น้ำผึ้ง,False
กระดูก,False
ผลที่ตามมา,False
มีเอกลักษณ์,False
ต่อไป,False
ระเบียบข้อบังคับ,False
รางวัล,True
ล่าง,False
ขอโทษ,False
คุ้นเคย,False
ห้องเรียน,False
ค้นหา,False
อ้างอิง,False
โผล่ออกมา,False
ยาว,True
อาหารกลางวัน,False
ผู้พิพากษา,False
โฆษณา,False
ความต้องการ,False
คำแนะนำ,False
ภาวะฉุกเฉิน,False
กำลังคิด,False
การท่องเที่ยว,False
ภาษาฝรั่งเศส,False
รวมกัน,False
ดวงจันทร์,False
เศร้า,True
ที่อยู่,False
ธันวาคม,False
ที่ไหนก็ได้,True
ไก่,True
เชื้อเพลิง,False
รถไฟ,True
ใช้ในทางที่ผิด,False
การก่อสร้าง,False
วันพุธ,False
ลิงค์,False
สมควรได้รับ,False
มีชื่อเสียง,False
การแทรกแซง,False
ยิ่งใหญ่,False
เยี่ยม,True
ยืนยัน,False
โชคดี,False
ยืนกราน,False
ชายฝั่ง,False
ภูมิใจ,True
ปิดบัง,False
ที่สี่,False
ตำรวจ,False
โกรธ,True
พื้นเมือง,False
สูงสุด,False
เบสบอล,False
แต่,True
อีเมล,False
อุบัติเหตุ,False
ด้านหน้า,False
หน้าที่,False
กำลังเติบโต,False
การต่อสู้,False
รายได้,True
ขยาย,False
หัวหน้า,True
ปล่อย,False
แนวโน้ม,False
แหวน,True
ทำซ้ำ,False
ลมหายใจ,False
นิ้ว,False
คอ,True
แกน,False
ย่ำแย่,False
พันล้าน,False
ค่อนข้าง,False
ซับซ้อน,False
กด,False
นางสาว,False
ช้า,True
อ่อน,False
สร้าง,False
อย่างที่สุด,False
ล่าสุด,True
ดื่ม,True
ตลอดไป,False
องค์กร,False
ลึก,False
ชอบมากกว่า,True
ยกเว้น,False
ราคาถูก,False
วรรณกรรม,False
โดยตรง,False
นายกเทศมนตรี,False
ชาย,False
ความสำคัญ,True
บันทึก,False
อันตราย,True
ทางอารมณ์,False
เข่า,True
ตูด,True
การจับกุม,False
การจราจร,False
ร่วมเพศ,False
ข้างนอก,True
ตอนนี้,True
รถไฟ,True
จาน,True
อุปกรณ์,False
เลือก,True
ไฟล์,False
สตูดิโอ,False
เเพง,False
ความลับ,False
เครื่องยนต์,False
รับเลี้ยง,False
โชค,False
ทาง,True
บ่ายโมง,False
แผงหน้าปัด,False
ฮีโร่,False
วงกลม,False
นักวิจารณ์,False
แก้ปัญหา,False
ไม่ว่าง,False
ตอน,True
กลับ,True
ตรวจสอบ,False
ความต้องการ,False
นักการเมือง,False
ฝน,True
เพื่อนร่วมงาน,False
หายไป,False
เบียร์,True
ทำนาย,False
ออกกำลังกาย,True
เหนื่อย,False
ประชาธิปไตย,False
ในที่สุด,False
การตั้งค่า,False
ให้เกียรติ,False
ผลงาน,False
น่าเสียดาย,False
ธีม,False
ปัญหา,False
ชาย,False
ทำความสะอาด,True
ยูไนเต็ด,False
สระน้ำ,False
เกี่ยวกับการศึกษา,False
ว่างเปล่า,False
สะดวกสบาย,False
สอบสวน,False
มีประโยชน์,False
กระเป๋า,True
ดิจิทัล,False
มากมาย,False
ทั้งหมด,False
กลัว,True
จ่ายได้,False
น้ำตาล,True
การสอน,False
ซึ่งอนุรักษ์นิยม,False
ประธาน,False
ข้อผิดพลาด,False
สะพาน,True
สูง,True
โดยเฉพาะ,False
ดอกไม้,False
แม้ว่า,False
จักรวาล,False
สด,True
รับทราบ,False
ขีดจำกัด,False
ความคุ้มครอง,False
ลูกทีม,False
ค้นหา,False
สมดุล,False
เท่ากัน,False
ริมฝีปาก,False
เอียง,False
โซน,False
งานแต่งงาน,True
สำเนา,False
คะแนน,False
เรื่องตลก,False
ใช้แล้ว,False
แจ่มใส,False
หมี,True
มื้อ,False
ทบทวน,False
ชนกลุ่มน้อย,False
ภาพ,False
นอน,True
ภาษารัสเซีย,False
ชุด,True
ปล่อย,False
โซเวียต,False
กำไร,True
ท้าทาย,False
ระมัดระวัง,False
เพศ,False
เทป,False
มหาสมุทร,True
ไม่ระบุ,False
เจ้าภาพ,False
ยินยอม,False
สถานการณ์,True
ช้า,True
เจ้านาย,False
ประกาศ,False
ภายในประเทศ,False
ชา,False
จัดระเบียบ,False
ภาษาอังกฤษ,True
ไม่ใช่ทั้งสองอย่าง,False
ทั้ง,True
เป็นทางการ,False
ล้อมรอบ,False
มารยาท,False
น่าประหลาดใจ,False
เปอร์เซ็นต์,False
มโหฬาร,False
คลาวด์,False
ผู้ชนะ,False
ซื่อสัตย์,False
มาตรฐาน,False
เสนอ,False
พึ่งพา,False
บวก,False
ประโยค,False
ขอ,True
รูปร่าง,False
เกี่ยวกับ,False
ยอดเยี่ยม,True
อาชญากร,False
เกลือ,True
ความงาม,False
ขวด,True
ส่วนประกอบ,False
ภายใต้,False
ค่าธรรมเนียม,False
ชาวยิว,True
ของคุณ,True
แห้ง,False
เต้นรำ,False
เสื้อ,True
เคล็ดลับ,True
พลาสติก,False
ชาวอินเดีย,False
เครื่องหมาย,False
ฟัน,True
เนื้อ,True
ความเครียด,False
ผิดกฎหมาย,False
อย่างมีนัยสำคัญ,False
กุมภาพันธ์,False
รัฐธรรมนูญ,False
คำนิยาม,False
ลุง,True
โลหะ,False
อัลบั้ม,False
ตัวเอง,False
สมมติ,False
นักลงทุน,False
ผลไม้,True
ศักดิ์สิทธิ์,False
โต๊ะ,True
ตะวันออก,False
หุบเขา,False
ส่วนใหญ่,False
การทำแท้ง,False
บท,False
ความมุ่งมั่น,False
ฉลอง,False
จับกุม,False
เต้นรำ,False
ไพรม์,False
ในเมือง,False
ภายใน,False
รบกวน,False
ข้อเสนอ,False
กะ,False
ความจุ,False
รู้สึกผิด,False
เตือน,False
อิทธิพล,False
อ่อนแอ,True
ยกเว้น,False
คาทอลิก,False
จมูก,True
ตัวแปร,False
การประชุม,True
คณะลูกขุน,False
ราก,False
เหตุการณ์,False
ปีน,False
การได้ยิน,False
ทุกที่,False
การชำระเงิน,False
หมี,True
สรุป,False
กรีดร้อง,False
การผ่าตัด,False
เงา,False
พยาน,False
เพิ่มมากขึ้น,False
หน้าอก,False
การแก้ไข,False
สี,False
ความลับ,False
ร้องทุกข์,False
ขอบเขต,False
ความสุข,False
พยักหน้า,False
วันหยุด,False
สุดยอด,False
ความสามารถพิเศษ,False
อย่างจำเป็น,False
เสรีนิยม,False
ความคาดหวัง,False
ขี่,True
กล่าวโทษ,False
เคาะ,False
ก่อนหน้านี้,False
ปีก,True
บริษัท,True
ภาค,True
อ้วน,True
การทดลอง,False
การแข่งขัน,False
บาง,True
ชาวนา,False
หายาก,False
ภาษาอังกฤษ,True
ความมั่นใจ,False
พวง,False
เดิมพัน,False
อ้าง,False
ภาคเหนือ,False
ลำโพง,False
หน้าอก,False
ผลงาน,False
ใบไม้,True
ความคิดสร้างสรรค์,False
ปฏิสัมพันธ์,False
หมวก,True
สงสัย,False
สัญญา,True
ไล่ตาม,False
โดยรวม,False
พยาบาล,True
คำถาม,True
ระยะยาว,False
ยีน,False
บรรจุุภัณฑ์,False
แปลก,False
ความยาก,False
แทบจะไม่,False
พ่อ,True
ประมาณการ,False
รายการ,True
ยุค,False
ความคิดเห็น,False
ช่วยเหลือ,False
vs,False
ลงทุน,False
ส่วนตัว,True
ความคิด,True
คำอธิบาย,False
สนามบิน,True
เชื่อมต่อ,False
เปิดเผย,True
ล็อค,False
โน้มน้าวใจ,False
ช่อง,False
อย่างระมัดระวัง,False
น้ำตา,False
อสังหาริมทรัพย์,False
อักษรย่อ,False
เสนอ,False
ซื้อ,True
แนะนำ,True
ออกมา,False
ของเขา,True
พันธบัตร,False
วันเกิด,True
การท่องเที่ยว,False
อธิษฐาน,False
การปรับปรุง,False
โบราณ,False
ควร,True
หนี,True
เส้นทาง,False
สีน้ำตาล,True
แฟชั่น,False
ระยะเวลา,False
แผ่น,False
เงินทุน,False
ในขณะเดียวกัน,False
ความผิดพลาด,False
แทบจะไม่,False
กำจัด,False
การเคลื่อนไหว,False
จำเป็น,True
ห่างกัน,False
การผสมผสาน,False
ถูก จำกัด,False
คำอธิบาย,False
ผสม,True
หิมะ,True
ดำเนินการ,False
สวย,True
เหมาะสม,False
ส่วนหนึ่ง,False
การตลาด,False
อนุมัติ,False
อื่น ๆ,False
ระเบิด,False
ลื่น,False
ภูมิภาค,False
ขาด,True
กล้ามเนื้อ,False
ติดต่อ,False
ลุกขึ้น,False
เท็จ,False
เป็นไปได้,False
การสร้าง,False
โดยทั่วไป,False
การใช้จ่าย,False
อุปกรณ์,False
มวล,False
ไกล,True
หนา,False
จูบ,False
เพิ่มขึ้น,False
สร้างแรงบันดาลใจ,False
แยก,False
เสียงรบกวน,False
สีเหลือง,True
จุดมุ่งหมาย,False
อีเมล,False
วงจร,False
สัญญาณ,False
แอป,False
ทอง,True
ปฏิเสธ,True
แจ้ง,True
การรับรู้,False
ผู้มาเยือน,False
หล่อ,True
ตัดกัน,False
คำพิพากษา,False
หมายถึง,True
พักผ่อน,False
ตัวแทน,True
ผ่าน,True
ระบอบการปกครอง,False
เพียง,False
โปรดิวเซอร์,False
โว้ว,False
เส้นทาง,False
โกหก,True
ทั่วไป,True
นักวิเคราะห์,False
บัญชีผู้ใช้,False
เลือก,True
กลิ่น,True
หญิง,False
การดำรงชีวิต,False
ความพิการ,False
การเปรียบเทียบ,False
มือ,True
เรตติ้ง,False
วิทยาเขต,False
ประเมิน,False
แข็ง,False
สาขา,False
โกรธ,True
ค่อนข้าง,False
สุภาพบุรุษ,False
ฝ่ายค้าน,False
เร็ว,True
สงสัย,False
ที่ดิน,False
ตี,True
กัน,True
นักกีฬา,False
เปิด,True
คำอธิษฐาน,False
บ่อย,True
จ้าง,True
บาสเกตบอล,False
ที่มีอยู่,False
การปฎิวัติ,False
คลิก,False
อารมณ์,True
เพศสัมพันธ์,False
แพลตฟอร์ม,False
ด้านหลัง,False
กรอบ,False
อุทธรณ์,False
อ้าง,False
ศักยภาพ,False
การต่อสู้,False
ยี่ห้อ,False
เปิดใช้งาน,False
กฎหมาย,False
ส่วนที่เพิ่มเข้าไป,False
แล็บ,False
ต่อต้าน,False
แถว,False
การตรวจคนเข้าเมือง,False
สินทรัพย์,False
การสังเกต,False
ออนไลน์,False
รสชาติ,False
ปฏิเสธ,True
ดึงดูด,False
ฮา,False
สำหรับ,False
ครัวเรือน,False
แยก,False
หายใจ,False
การดำรงอยู่,False
กระจก,False
นักบิน,True
ยืน,True
การบรรเทา,False
นม,True
คำเตือน,False
สวรรค์,False
ไหล,False
อย่างแท้จริง,False
ล้มเลิก,False
แคลอรี่,False
เมล็ดพันธุ์,False
กว้างใหญ่,False
จักรยาน,True
เยอรมัน,False
นายจ้าง,False
ลาก,False
เทคนิค,False
ภัยพิบัติ,False
แสดง,False
ขาย,True
ห้องน้ำ,True
ประสบความสำเร็จ,False
สม่ำเสมอ,False
กำหนดการ,False
การบังคับใช้,False
อาหาร,True
เครื่องหมาย,False
ความเงียบ,False
นักข่าว,True
คัมภีร์ไบเบิล,False
ราชินี,True
การแบ่ง,False
ค่าใช้จ่าย,False
ครีม,False
การเปิดเผย,False
ลำดับความสำคัญ,False
ดิน,False
นางฟ้า,False
การเดินทาง,False
เชื่อมั่น,False
ที่เกี่ยวข้อง,False
ถัง,True
ชีส,False
กำหนดการ,False
ห้องนอน,True
โทน,False
การเลือก,False
วันที่,False
อย่างสมบูรณ์แบบ,False
ล้อ,False
ช่องว่าง,False
ทหารผ่านศึก,False
ด้านล่าง,False
ไม่เห็นด้วย,False
ลักษณะเฉพาะ,False
โปรตีน,False
ปณิธาน,False
ทั้งหมด,False
คำนึงถึง,False
น้อยลง,False
วิศวกร,True
เดิน,True
จาน,True
ของเสีย,False
พิมพ์,False
ภาวะซึมเศร้า,False
เพื่อน,True
อ้วน,True
ปัจจุบัน,False
บน,True
ห่อ,True
ผู้บริหารสูงสุด,False
ภาพ,False
ความคิดริเริ่ม,False
รีบ,True
ประตู,True
ช้า,True
เมื่อไหร่ก็ได้,True
รายการ,True
ญี่ปุ่น,False
สีเทา,True
ความช่วยเหลือ,False
ความสูง,False
แข่งขัน,False
กฎ,False
เนื่องจาก,False
โดยพื้นฐานแล้ว,False
ประโยชน์,True
เฟส,False
ซึ่งอนุรักษ์นิยม,False
ฟื้นตัว,False
วิจารณ์,False
คณะ,False
ผลสัมฤทธิ์,False
แอลกอฮอล์,False
การบำบัด,False
ความผิด,False
สัมผัส,False
นักฆ่า,False
บุคลิกภาพ,False
ภูมิประเทศ,False
อย่างลึกซึ้ง,False
มีเหตุผล,False
เร็ว ๆ นี้,False
ดูด,False
การเปลี่ยนแปลง,False
ยุติธรรม,False
คอลัมน์,False
ล้าง,True
ปุ่ม,False
ฝ่ายตรงข้าม,False
เท,True
ผู้อพยพ,False
แรก,True
การกระจาย,False
กอล์ฟ,False
ตั้งครรภ์,False
ไม่สามารถ,False
ทางเลือก,False
ที่ชื่นชอบ,False
หยุด,True
รุนแรง,False
ส่วน,True
ได้รับ,False
ฆ่าตัวตาย,False
ยืด,False
ขาดดุล,False
อาการ,False
แสงอาทิตย์,False
ร้องเรียน,False
มีความสามารถ,False
วิเคราะห์,False
กลัว,True
ผู้สนับสนุน,False
ขุด,False
ยี่สิบ,True
แกล้งทำ,False
ปรัชญา,False
วัยเด็ก,False
ต่ำกว่า,False
ดี,True
ข้างนอก,True
มืด,False
ความมั่งคั่ง,False
สวัสดิการ,False
ความยากจน,False
อัยการ,False
จิตวิญญาณ,False
สองเท่า,False
ประเมิน,False
มวล,False
อิสราเอล,True
กะ,False
ตอบ,False
เจ้าชู้,False
แสดง,False
มีด,True
กลม,False
เทคโนโลยี,False
นักสืบ,False
หีบห่อ,False
ความผิดปกติ,False
สิ่งมีชีวิต,False
น้ำตา,False
อย่างใกล้ชิด,False
ทางอุตสาหกรรม,False
ที่อยู่อาศัย,False
ดู,True
ชิป,False
โดยไม่คำนึงถึง,False
มากมาย,False
ผูก,False
พิสัย,False
สั่งการ,False
ยิงปืน,False
โหล,False
โผล่,False
ชั้น,False
ขนมปัง,True
ข้อยกเว้น,False
ความชอบ,False
บล็อก,False
ทางหลวง,False
บริสุทธิ์,False
ผู้บัญชาการ,False
สุดขีด,False
สิ่งพิมพ์,False
รอง,False
เพื่อน,True
ชนะ,False
ความลึกลับ,False
การแข่งขันชิงแชมป์,False
ติดตั้ง,False
เรื่อง,True
เสรีภาพ,False
เจ้าภาพ,False
ข้างใต้,False
ผู้โดยสาร,True
แพทย์,False
จบการศึกษา,False
คม,False
สาร,False
บรรยากาศ,True
คน,True
มุสลิม,False
ทางเดิน,False
พริกไทย,False
เน้นย้ำ,False
สายเคเบิล,False
สี่เหลี่ยม,False
สูตรอาหาร,False
โหลด,False
ข้าง,True
หลังคา,True
ผัก,True
ทำให้สำเร็จ,False
เงียบ,True
นิสัย,False
การค้นพบ,False
ทั้งหมด,False
การกู้คืน,False
ดีเอ็นเอ,False
ได้รับ,False
อาณาเขต,False
แฟน,True
ประกอบด้วย,False
ตรง,True
แน่นอน,True
การพิสูจน์,False
ประหม่า,False
ทันที,False
ที่จอดรถ,False
บาป,False
ผิดปกติ,False
ข้าว,True
วิศวกรรม,False
ก้าวหน้า,False
สัมภาษณ์,False
ฝัง,False
นิ่ง,False
เค้ก,False
ไม่ระบุชื่อ,False
ธง,True
ร่วมสมัย,False
ดี,True
คุก,True
ชนบท,False
การแข่งขัน,False
โค้ช,False
การตีความ,False
ค่าจ้าง,False
อาหารเช้า,False
รุนแรง,False
ข้อมูลส่วนตัว,False
ประหยัด,False
รวบรัด,False
ปรับ,True
การลดน้อยลง,False
เสมอต้นเสมอปลาย,False
ช่วยเหลือ,False
ผู้หญิงเลว,False
คงที่,False
อนุญาต,False
เป็นหลัก,False
ความบันเทิง,False
ตะโกน,False
สถาบันการศึกษา,False
ช้อนชา,False
ฝัน,True
โอนย้าย,False
ตามปกติ,False
พันธมิตร,False
คลินิก,False
นับ,True
สาบาน,False
อเวนิว,False
นักบวช,False
การจ้างงาน,False
ของเสีย,False
ผ่อนคลาย,False
เป็นหนี้,False
แปลง,False
หญ้า,False
แคบ,False
ชาติพันธุ์,False
นักวิชาการ,False
ฉบับ,False
ละทิ้ง,False
ใช้ได้จริง,False
การติดเชื้อ,False
ดนตรี,False
คำแนะนำ,False
ความต้านทาน,False
ควัน,True
เจ้าชาย,False
การเจ็บป่วย,False
โอบกอด,False
ซื้อขาย,False
สาธารณรัฐ,False
อาสาสมัคร,True
เป้า,False
ทั่วไป,True
การประเมิน,False
ของฉัน,False
ตรงข้าม,False
เจ๋ง,False
สลับกัน,False
สีดำ,True
อิรัก,False
เหล็ก,False
รับรู้,False
พื้นฐาน,False
วลี,False
สมมติฐาน,False
ทราย,False
ดีไซเนอร์,False
การวางแผน,False
ชั้นนำ,False
โหมด,False
ติดตาม,False
เคารพ,False
อย่างกว้างขวาง,False
โอกาส,True
ท่า,False
ประมาณ,True
เกษียณ,False
ที่อื่น,False
งานเทศกาล,False
หมวก,True
ปลอดภัย,False
แนบ,False
กลไก,False
เจตนา,False
สถานการณ์,True
ตะโกน,False
เหลือเชื่อ,False
สเปน,False
อย่างยิ่ง,True
เชื้อชาติ,False
การขนส่ง,False
หม้อ,True
แฟน,True
การพิจารณา,False
ก่อน,True
เกษียณอายุ,False
นาน ๆ ครั้ง,False
ข้อต่อ,False
สงสัย,False
อนุรักษ์,False
มหาศาล,False
บุหรี่,False
โรงงาน,False
มีค่า,False
คลิป,False
ไฟฟ้า,False
ยักษ์,False
ทาส,False
ส่ง,False
อย่างมีประสิทธิภาพ,False
คริสเตียน,False
เฝ้าสังเกต,False
สิ่งมหัศจรรย์,False
แก้ไข,True
ที่เหลืออยู่,False
การมีส่วนร่วม,False
ลำธาร,False
กำจัด,False
ต้นทาง,False
วัยรุ่น,False
โดยเฉพาะ,False
รัฐสภา,False
ผูก,False
เสื้อโค้ท,False
หอคอย,False
ใบอนุญาต,False
ทวิตเตอร์,False
กำหนด,True
ผู้บริสุทธิ์,False
หลักสูตร,False
จดหมาย,False
ประมาณการ,False
ข้อมูลเชิงลึก,False
นักสืบ,False
ไวรัส,False
พายุเฮอริเคน,False
แม่นยำ,False
บทบัญญัติ,False
โจมตี,False
สื่อสาร,False
ข้าม,True
ต่างกันไป,False
เสื้อแจ็กเกต,False
เพิ่มขึ้น,False
เขียว,False
เท่ากัน,False
จ่าย,True
ใน,True
แสงสว่าง,False
ความหมาย,False
นิยาย,False
ประท้วง,False
มาม่า,False
แปลว่า,False
แฝด,False
กางเกง,True
อื่น,True
ข้างหน้า,True
โค้งงอ,False
ช็อก,False
ออกกำลังกาย,True
เกณฑ์,False
อาหรับ,False
สกปรก,False
แหวน,True
ของเล่น,False
ศักยภาพ,False
จู่โจม,False
จุดสูงสุด,False
ความโกรธ,False
boot,False
ดราม่า,False
เพียร์,False
ทำให้ดีขึ้น,False
คณิตศาสตร์,False
สไลด์,False
โปรดปราน,False
สีชมพู,True
ฝุ่น,False
ป้า,True
สูญหาย,False
โอกาส,True
อารมณ์,True
mm-hmm,False
การตั้งถิ่นฐาน,False
ค่อนข้าง,False
ให้เหตุผล,False
ความลึก,False
น้ำผลไม้,False
เป็นทางการ,False
แทบ,True
แกลเลอรี่,False
ความเครียด,False
คอ,True
ร่าง,False
ชื่อเสียง,False
ดัชนี,False
โดยทั่วไป,False
ความยุ่งเหยิง,False
ความสุข,False
เหล็ก,False
เครื่องยนต์,False
องค์กร,False
เงินเดือน,True
นอกจากนี้,False
ยักษ์,False
ลูกพี่ลูกน้อง,False
สามัญ,False
จบการศึกษา,False
โหล,False
วิวัฒนาการ,False
ที่เรียกว่า,False
มีประโยชน์,False
การแข่งขัน,False
น่ารัก,False
ตกปลา,False
ความวิตกกังวล,False
มืออาชีพ,True
คาร์บอน,False
เรียงความ,False
อิสลาม,False
ให้เกียรติ,False
ละคร,True
แปลก,False
ความชั่วร้าย,False
คนแปลกหน้า,False
เข็มขัด,True
กระตุ้น,False
โยน,False
ที่ห้า,False
สูตร,True
มันฝรั่ง,False
สัตว์ประหลาด,False
ควัน,True
โทรศัพท์,True
ข่มขืน,False
ปาล์ม,False
เจ็ท,False
กองทัพเรือ,False
ตื่นเต้น,True
พล็อต,False
มุม,False
วิจารณ์,False
นักโทษ,False
การลงโทษ,False
การเจรจาต่อรอง,False
สาปแช่ง,False
เนย,False
ทะเลทราย,True
ที่ซับซ้อน,False
รางวัล,True
ตาบอด,False
กำหนด,True
กระสุน,False
การรับรู้,False
ลำดับ,False
ภาพประกอบ,False
หยด,False
หีบห่อ,False
ผู้ให้บริการ,False
ร่วมเพศ,False
ผู้เยาว์,False
นักเคลื่อนไหว,False
บทกวี,False
วันหยุด,False
ชั่งน้ำหนัก,False
แก๊ง,False
ความเป็นส่วนตัว,False
นาฬิกา,True
จัด,False
การลงโทษ,False
ท้อง,True
คอนเสิร์ต,False
เดิม,False
สถิติ,False
อิเล็กทรอนิกส์,False
อย่างถูกต้อง,False
สำนัก,False
หมาป่า,False
และ/หรือ,False
คลาสสิก,False
คำแนะนำ,False
น่าตื่นเต้น,False
ผู้ผลิต,False
ที่รัก,False
ความประทับใจ,False
แตกหัก,False
แบตเตอรี่,False
เรื่องเล่า,False
กระบวนการ,False
เกิดขึ้น,False
เด็ก,True
เหล้าสาเก,False
จัดส่ง,False
ให้อภัย,False
มองเห็นได้,False
หนักมาก,False
จูเนียร์,False
ตัวแทน,True
ความหลากหลาย,False
สตริง,False
คดีความ,False
หลัง,True
น่ารัก,False
รอง,False
คืนค่า,False
เพื่อน,True
จิตวิทยา,False
นอกจากนี้,False
เข้มข้น,False
เป็นกันเอง,False
ความชั่วร้าย,False
เลน,False
หิว,True
ถั่ว,True
ซอส,True
พิมพ์,False
ครอง,False
การทดสอบ,False
เล่ห์เหลี่ยม,False
แฟนตาซี,False
ขาด,True
ก้าวร้าว,False
สัญลักษณ์,False
การยอมรับ,False
ตรวจจับ,False
ช้อนโต๊ะ,False
สร้าง,False
อืม,False
จับกุม,False
การอนุมัติ,False
เอดส์,False
ในทางตรงกันข้าม,False
แนวรับ,False
ความเป็นอิสระ,False
ขอโทษ,False
สูงสุด,False
เอเชีย,False
ดอกกุหลาบ,False
ผี,False
การมีส่วนร่วม,False
ถาวร,False
ลวด,False
กระซิบ,False
หนู,True
สายการบิน,False
ผู้สร้าง,False
วัตถุประสงค์,False
ไม่มีที่ไหนเลย,False
ทางเลือก,False
ปรากฏการณ์,False
วิวัฒนาการ,False
ไม่,False
ที่แน่นอน,False
เงิน,True
cent,False
สากล,False
วัยรุ่น,False
สำคัญ,True
ผู้ชม,False
กำหนดการ,False
น่าขัน,False
ช็อคโกแลต,False
อ่อนไหว,False
ล่าง,False
ยาย,True
ขีปนาวุธ,False
โดยประมาณ,False
รัฐธรรมนูญ,False
การผจญภัย,False
พันธุกรรม,False
ก้าวหน้า,False
ที่เกี่ยวข้อง,False
แกว่ง,False
สุดยอด,False
ผู้ผลิต,False
ไม่รู้จัก,False
เช็ด,False
พืชผล,False
การอยู่รอด,False
ไลน์,False
มิติ,False
ต้านทาน,False
ขอ,True
ม้วน,True
รูปร่าง,False
ความมืด,False
รับประกัน,False
ประวัติศาสตร์,True
นักการศึกษา,False
ขรุขระ,False
บุคลากร,False
แข่ง,False
เผชิญหน้า,False
ผู้ก่อการร้าย,False
ราชวงศ์,False
ผู้ลากมากดี,False
ครอบครอง,False
เน้น,False
เปียก,False
การทำลาย,False
ดิบ,True
ภายใน,False
ดำเนินดำเนินการต่อ,False
ละเมิด,False
แผนภูมิ,False
ก้าว,False
การเงิน,False
แชมป์,False
snap,False
สงสัย,False
ให้คำแนะนำ,False
เริ่มแรก,False
ขั้นสูง,False
ไม่น่าเป็นไปได้,False
อุปสรรค,False
สนับสนุน,False
ฉลาก,False
เข้าถึง,False
น่ากลัว,False
ภาระ,False
การละเมิด,False
ไม่เหมือน,False
งี่เง่า,False
ตลอดชีพ,False
ทำงาน,True
กองทุน,False
ต่อเนื่อง,False
ตอบสนอง,False
กิจวัตรประจำวัน,False
การนำเสนอ,False
จัดหา,False
เกียร์,False
ภาพถ่าย,False
เม็กซิกัน,False
สนามกีฬา,False
แปลภาษา,False
จำนอง,False
นายอำเภอ,False
คลินิก,False
ปั่น,True
พันธมิตร,False
โดยธรรมชาติ,False
หวังว่า,False
ผสม,True
เมนู,False
เรียบ,False
การโฆษณา,False
ตีความ,False
ปลูก,False
อนุญาตให้ออกไป,False
มุสลิม,False
ชัดเจน,False
การจัดเตรียม,False
รวม,False
แยก,False
ฉลาดหลักแหลม,False
พื้นที่จัดเก็บ,False
กรอบ,False
สุจริต,False
ไล่ล่า,False
ถอนหายใจ,False
มั่นใจ,True
คุณประโยชน์,False
รสชาติ,False
ก้าวร้าว,False
คุกกี้,False
ความหวาดกลัว,False
ฟรี,False
คุณค่า,False
ร่ำรวย,False
อัปเดต,False
ฟอรั่ม,False
พันธมิตร,False
มี,True
อาณาจักร,False
อยากรู้,False
ข้าวโพด,True
ไม่ใช่ทั้งสองอย่าง,False
คำนวณ,False
รีบ,True
คำให้การ,False
ประถม,False
โอนย้าย,False
เดิมพัน,False
แม่นยำ,False
กัด,True
ที่ให้ไว้,False
รูปธรรม,False
ขึ้นอยู่กับ,False
ชำเลือง,False
เนื้อเยื่อ,False
ความเข้มข้น,False
นักพัฒนา,False
พบ,True
บัตรลงคะแนน,False
บริโภค,False
เอาชนะ,False
ชีวภาพ,False
ห้อง,True
ในทำนองเดียวกัน,False
ติด,True
กล้า,False
กำลังพัฒนา,False
เสือ,True
อัตราส่วน,False
คนรัก,False
การขยาย,False
เผชิญ,False
เป็นครั้งคราว,False
การว่างงาน,False
สัตว์เลี้ยง,False
แย่มาก,False
ห้องปฏิบัติการ,False
ผู้ดูแลระบบ,False
ลม,True
กองหลัง,False
จรวด,False
การตระเตรียม,False
ญาติ,False
มั่นใจ,True
ยุทธศาสตร์,False
มารีน,False
อ้าง,False
สำนักพิมพ์,False
นวัตกรรม,False
ไฮไลท์,False
ถั่ว,True
นักสู้,False
อันดับ,False
ไฟฟ้า,False
ตัวอย่าง,False
โชค,False
แช่แข็ง,True
การเปลี่ยนแปลง,False
ติดอาวุธ,False
ต่อรองจัดการ,False
เสียงหัวเราะ,False
ภูมิปัญญา,False
ผู้สื่อข่าว,False
ส่วนผสม,False
ฆาตกรรม,False
ผู้ช่วย,False
รักษา,True
มะเขือเทศ,True
ชาวอินเดีย,False
เป็นพยาน,False
วัตถุดิบ,False
ตั้งแต่,True
กาแล็กซี่,False
มีคุณสมบัติ,False
โครงการ,False
gop,False
ความอัปยศ,False
สมาธิ,False
การแข่งขัน,False
การแนะนำ,False
เขตแดน,False
หลอด,False
เทียบกับ,False
พ่อครัว,False
เป็นประจำ,False
น่าเกลียด,True
สกรู,False
โหลด,False
ลิ้น,False
ชาวปาเลสไตน์,False
การเงิน,False
ลำธาร,False
สะโพก,False
มาด้วยกัน,False
ปฏิเสธ,True
การก่อการร้าย,False
ผู้ตอบแบบสอบถาม,False
ผู้บรรยาย,False
โหวต,False
ผู้ลี้ภัย,False
การประกอบ,False
การฉ้อโกง,False
ข้อจำกัด,False
บ้าน,True
ห้างหุ้นส่วน,False
เก็บ,True
ชน,True
เซอร์ไพรส์,False
การเป็นตัวแทน,False
ถือ,True
กระทรวง,False
แบน,False
ฉลาด,False
พยาน,False
ขอโทษ,False
ลงทะเบียน,False
ตลก,True
ซื้อ,True
แตะ,True
โครงสร้างพื้นฐาน,False
โดยธรรมชาติ,False
อิสลาม,False
หลากหลาย,False
โปรดปราน,False
ทางปัญญา,False
แน่น,True
ท่า,False
โชคชะตา,False
ตลาด,True
แน่นอน,True
บทสนทนา,False
บวก,False
ความถี่,False
ชนเผ่า,False
ภายนอก,False
การนัดหมาย,False
แปลง,False
น่าแปลกใจ,False
มือถือ,True
สถานประกอบการ,False
กังวล,True
ลาก่อน,False
ช้อปปิ้ง,False
คนดัง,False
ส.ส,False
ประทับใจ,True
ผู้เสียภาษี,False
ปรับ,True
ต่อสาธารณะ,False
ความภาคภูมิใจ,False
เสื้อผ้า,True
อย่างรวดเร็ว,False
โดเมน,False
ส่วนใหญ่,False
เพดาน,False
alter,False
ที่หลบภัย,False
สุ่ม,False
ภาระผูกพัน,False
อาบน้ำ,True
ขอ,True
นอนหลับ,False
นักดนตรี,False
พิเศษ,True
สิ่งสกปรก,False
พีซี,False
ระฆัง,False
กลิ่น,True
ความเสียหาย,False
พิธี,True
เบาะแส,False
แนวปฏิบัติ,False
ปลอบโยน,False
ใกล้,True
การตั้งครรภ์,False
ยืม,False
ธรรมดา,False
นักท่องเที่ยว,False
แรงจูงใจ,False
กำหนดเอง,False
แก้ม,True
การแข่งขัน,False
สองเท่า,False
ดาวเทียม,False
ใกล้เคียง,False
ครอบคลุม,False
มั่นคง,False
ยา,True
สคริปต์,False
ให้ความรู้,False
มีประสิทธิภาพ,False
เสี่ยง,False
ยินดีต้อนรับ,False
กลัว,True
จิตวิทยา,False
ตรรกะ,False
เศรษฐศาสตร์,False
อัปเดต,False
แต่ถึงอย่างไร,False
ปีศาจ,False
สามสิบ,True
ชนะ,False
การกุศล,False
ไฟเบอร์,False
คลื่น,False
ในอุดมคติ,False
มิตรภาพ,False
สุทธิ,False
แรงจูงใจ,False
แตกต่าง,False
จอง,True
ผู้สังเกตการณ์,False
มนุษยชาติ,False
ผู้รอดชีวิต,False
รั้ว,False
เงียบๆ,False
อารมณ์ขัน,False
วิชาเอก,False
งานศพ,True
โฆษก,False
การขยาย,False
หลวม,False
จม,True
นักประวัติศาสตร์,False
ทำลาย,False
สมดุล,False
เคมี,False
นักร้อง,True
เมา,False
ว่ายน้ำ,True
หอมหัวใหญ่,False
ผู้เชี่ยวชาญ,False
หายไป,False
สีขาว,True
กระทะ,True
แจกจ่าย,False
โง่,False
ดาดฟ้า,False
การสะท้อน,False
ไม่นาน,False
ฐานข้อมูล,False
ไหล,False
ระยะไกล,False
การอนุญาต,False
โดดเด่น,False
ทุกวัน,False
ไลฟ์สไตล์,False
กวาด,False
เปล่า,True
เพียงพอ,False
สิงโต,True
การบริโภค,False
ความสามารถ,False
ฝึกฝน,False
การปล่อยมลพิษ,False
แถบด้านข้าง,False
อึ,True
ตัวแทนจำหน่าย,False
การวัด,False
สำคัญยิ่ง,False
ประทับใจ,True
อบ,False
มหัศจรรย์,False
ที่ปรึกษา,False
ผลผลิต,False
แค่,True
จินตนาการ,True
หัวรุนแรง,False
โศกนาฏกรรม,False
น่ากลัว,False
ที่ปรึกษา,False
ถูกต้อง,False
ร้อยโท,False
อารมณ์เสีย,False
มีเสน่ห์,False
เอเคอร์,False
การวาดภาพ,False
ความพ่ายแพ้,False
ใหม่,True
เรื่องอื้อฉาว,False
เอกอัครราชทูต,False
โอ้,False
จุด,True
เนื้อหา,False
กลม,False
ม้านั่ง,True
แนะนำ,True
เคาน์เตอร์,False
เคมี,False
อัตราต่อรอง,False
หนู,True
สยองขวัญ,False
อุทธรณ์,False
เปราะบาง,False
การป้องกัน,False
สี่เหลี่ยม,False
เซ็กเมนต์,False
ห้าม,True
หาง,False
เป็น,True
แย่,True
อวยพร,False
วรรณกรรม,False
มายากล,False
การนำไปใช้,False
ถูกกฎหมาย,False
เล็กน้อย,False
ชน,True
เปลื้องผ้า,False
หมดหวัง,False
ห่างไกล,False
ความพึงใจ,False
ทางการเมือง,False
ข้อเสนอแนะ,False
ดูแลสุขภาพ,False
อาชญากร,False
สามารถ,False
อิตาเลี่ยน,False
รายละเอียด,False
ผู้ซื้อ,False
ผิด,True
ความร่วมมือ,False
วิชาชีพ,False
เหลือเชื่อ,False
ส้ม,True
ฆ่า,False
ฟ้อง,False
ช่างภาพ,False
วิ่ง,True
การว่าจ้าง,False
แตกต่าง,False
สี,False
ขว้าง,False
กว้างขวาง,False
สลัด,False
บันได,False
สังเกต,False
พระคุณ,False
หย่า,False
เรือ,False
หมู,True
งานที่มอบหมาย,False
ความแตกต่าง,False
พอดี,True
วงจร,False
กรด,False
ชาวแคนาดา,False
หนี,True
ประสิทธิภาพ,False
อนุสรณ์,False
เสนอ,False
สีฟ้า,True
นิติบุคคล,False
iphone,False
การลงโทษ,False
หยุดชั่วคราว,True
ยา,True
ถู,True
โรแมนติก,False
ตำนาน,False
นักเศรษฐศาสตร์,False
ละติน,False
เหมาะสม,False
ผู้ช่วย,False
งานฝีมือ,False
บทกวี,False
ผู้ก่อการร้าย,False
เกลียว,False
ทำด้วยไม้,False
สับสน,False
เรื่อง,True
สิทธิพิเศษ,False
ถ่านหิน,False
คนโง่,False
วัว,True
ลักษณะ,False
พาย,False
ลด,True
รีสอร์ท,False
มรดก,False
อีกครั้ง,False
ความเครียด,False
ตรงไปตรงมา,False
วัตถุ,False
ยกเลิก,False
สืบมา,False
โง่,False
ขอบเขต,False
รูปแบบ,False
ปู่,True
เพราะฉะนั้น,False
ประสงค์,False
ระยะขอบ,False
แผล,False
นิทรรศการ,False
สภานิติบัญญัติ,False
นอกจากนี้,False
ภาพเหมือน,False
คาทอลิก,False
ยังชีพประคับประคอง,False
ยูนิฟอร์ม,False
เจ็บปวด,False
ดัง,True
ความมหัศจรรย์,False
อันตราย,True
ศูนย์,True
ชั้นเชิง,False
หน้ากาก,False
เงียบสงบ,False
เงินเฟ้อ,False
การล่าสัตว์,False
ทางร่างกาย,False
สุดท้าย,False
เนื้อ,True
ชั่วคราว,True
เพื่อน,True
เส้นประสาท,False
ปอด,False
มั่นคง,False
พาดหัวข่าว,False
กะทันหัน,False
ประสบความสำเร็จ,False
จำเลย,False
เสา,False
ทำให้พึงพอใจ,False
ทางเข้า,False
อากาศยาน,False
ถอน,False
ตู้,True
ญาติ,False
ซ้ำแล้วซ้ำเล่า,False
ความสุข,False
การรับเข้าเรียน,False
ความสัมพันธ์,False
สัดส่วน,False
ข้อพิพาท,False
ลูกอม,False
รางวัล,True
ที่ปรึกษา,False
การบันทึก,False
กอง,False
การระเบิด,False
แต่งตั้ง,False
โซฟา,True
องค์ความรู้,False
เฟอร์นิเจอร์,False
ความหมาย,False
ปลื้มปีติ,False
มายากล,False
สูท,False
กรรมาธิการ,False
ชั้นวาง,False
มหาศาล,False
นักรบ,False
ฟิสิกส์,False
โรงรถ,False
รสชาติ,False
บีบ,False
โดดเด่น,False
ห้าสิบ,True
เลือนหายไป,False
เตาอบ,False
ความพึงพอใจ,False
การเลือกปฏิบัติ,False
ภาวะถดถอย,False
ข้อกล่าวหา,False
บูม,False
รายสัปดาห์,False
เมื่อเร็ว ๆ นี้,False
ข้อจำกัด,False
เพชร,False
เอกสาร,True
แตก,True
ความเชื่อมั่น,False
ส้น,False
ปลอม,False
ชื่อเสียง,False
ส่องแสง,False
แกว่ง,False
รอบรองชนะเลิศ,False
นักแสดงหญิง,False
โกง,True
รูปแบบ,False
การโต้เถียง,False
รถยนต์,True
ยินยอม,False
ร้านขายของชำ,False
สำนักงานใหญ่,False
ฉีก,False
อันดับ,False
ร่มเงา,False
ควบคุม,False
เมตร,False
โอลิมปิก,False
ท่อ,False
อดทน,False
การเฉลิมฉลอง,False
กำมือ,False
ลิขสิทธิ์,False
ขึ้นอยู่กับ,False
ลายเซ็น,False
บิชอป,False
เสริมความแข็งแกร่ง,False
ซุป,False
สิทธิ,False
ใครก็ตาม,False
ผู้ให้บริการ,False
วันครบรอบ,False
พิซซ่า,False
จริยธรรม,False
ตำนาน,False
อินทรี,False
ทุนการศึกษา,False
แตก,True
งานวิจัย,False
สมาชิก,False
ยืน,True
การครอบครอง,False
สนธิสัญญา,False
ส่วนหนึ่ง,False
สติ,True
การผลิต,False
ประกาศ,False
ยาง,False
ไม่,False
แต่งหน้า,False
โผล่,False
การทำนาย,False
ความมั่นคง,False
ติดตาม,False
บรรทัดฐาน,False
ไอริช,False
อัจฉริยะ,False
ค่อยๆ,False
โอเปอเรเตอร์,False
ห้างสรรพสินค้า,False
ข่าวลือ,False
กวี,False
แนวโน้ม,False
ภายหลัง,False
มนุษย์ต่างดาว,False
ระเบิด,False
เย็น,True
เป็นที่ถกเถียง,False
ซ่อมบำรุง,False
ความกล้าหาญ,False
เกิน,True
แน่น,True
อาจารย์ใหญ่,False
วัคซีน,False
บัตรประจำตัว,False
แซนวิช,False
วัว,True
เลนส์,False
สิบสอง,False
กระแสหลัก,False
ตำแหน่งประธานาธิบดี,False
ความซื่อสัตย์,False
แตกต่าง,False
ฉลาด,False
รอง,False
อคติ,False
สมมติฐาน,False
สิบห้า,False
การเสนอชื่อ,False
ล่าช้า,False
การปรับตัว,False
การลงโทษ,False
เรนเดอร์,False
ร้านค้า,False
ยอมรับได้,False
ซึ่งกันและกัน,False
สูง,True
การตรวจสอบ,False
มีความหมาย,False
คอมมิวนิสต์,False
เหนือกว่า,False
สกุลเงิน,False
กลุ่ม,True
เคล็ดลับ,True
เปลวไฟ,False
กีตาร์,False
หลักคำสอน,False
ชาวปาเลสไตน์,False
ลอย,True
พาณิชย์,False
ประดิษฐ์,False
หุ่นยนต์,False
รวดเร็ว,False
ที่ราบ,False
ตามลำดับ,False
อนุภาค,False
ข้าม,True
ถุงมือ,True
จนถึง,True
แก้ไข,True
ปานกลาง,False
แจ๊ส,False
ทารก,False
สรุป,False
เซิร์ฟเวอร์,False
หนัง,True
รังสี,False
พรอมต์,False
การทำงาน,False
องค์ประกอบ,False
ปฏิบัติการ,False
ยืนยัน,False
กรณี,False
วาทกรรม,False
ดัง,True
ทิ้ง,True
สุทธิ,False
สัตว์ป่า,False
ฟุตบอล,True
ซับซ้อน,False
อาณัติ,False
เฝ้าสังเกต,False
ตัวเมือง,False
ฝันร้าย,False
บาร์เรล,False
ไม่มีที่อยู่อาศัย,False
โลก,True
อึดอัด,False
ดำเนินการ,False
รู้สึก,True
กับดัก,False
ท่าทาง,True
ซีด,False
เต็นท์,False
ผู้รับ,False
ขอบฟ้า,False
การวินิจฉัย,False
มาก,True
พระกิตติคุณ,False
โดยอัตโนมัติ,False
การต่อสู้,False
จังหวะ,False
เดินเตร่,False
เป็ด,True
ข้าว,True
สัตว์ร้าย,False
กังวล,True
ข้อสังเกต,False
ผ้า,True
อารยธรรม,False
อบอุ่น,True
คอรัปชั่น,False
ทรุด,False
แหม่ม,False
อย่างมาก,False
การประชุมเชิงปฏิบัติการ,False
สอบถามรายละเอียดเพิ่มเติม,False
ซีดี,False
ชื่นชม,False
ไม่รวม,False
ปืนไรเฟิล,False
ตู้เสื้อผ้า,False
การรายงาน,False
เส้นโค้ง,False
ปะ,True
ทัชดาวน์,False
ทดลอง,False
รายได้,True
นักล่า,False
บิน,True
อุโมงค์,False
คณะ,False
ประพฤติ,False
เช่า,True
เยอรมัน,False
กระตุ้น,False
คุณลักษณะ,False
ผู้สูงอายุ,False
เสมือน,False
ขั้นต่ำ,False
ความอ่อนแอ,False
ความก้าวหน้า,False
เอกสาร,True
ปานกลาง,False
คุณธรรม,False
ออนซ์,False
ทรุด,False
ล่าช้า,False
เกี่ยวกับกีฬา,False
ความสับสน,False
นิติบัญญัติ,False
อำนวยความสะดวก,False
เที่ยงคืน,True
กวาง,True
ทาง,True
รับ,True
มรดก,False
ประชุมสุดยอด,False
ดาบ,False
กล้องโทรทรรศน์,False
บริจาค,False
ใบมีด,False
นิ้วเท้า,True
เกษตรกรรม,False
สวน,True
บังคับใช้,False
สรรหาคน,False
โปรดปราน,False
ปริมาณ,False
เกี่ยวกับ,False
บูรณาการ,False
ประเมินค่า,False
ขว้าง,False
ใบสั่งยา,False
ค้าปลีก,False
การรับเป็นบุตรบุญธรรม,False
รายเดือน,False
ถึงตาย,False
หลุมฝังศพ,False
เชือก,False
เชื่อถือได้,False
ฉลาก,False
ธุรกรรม,False
สนามหญ้า,False
สม่ำเสมอ,False
ภูเขา,True
ฟอง,True
สั้นๆ,False
ดูดซับ,False
เจ้าหญิง,False
บันทึก,False
ผ้าห่ม,False
หัวเราะ,True
อาณาจักร,False
คาดหวัง,False
แมลง,False
หลัก,False
อุทิศ,False
ผู้ได้รับการเสนอชื่อ,False
การเปลี่ยนแปลง,False
วัด,True
ความรู้สึก,False
การมาถึง,False
แห้ว,False
การเปลี่ยนแปลง,False
สาธิต,False
มลพิษ,False
โปสเตอร์,False
เล็บ,False
ไม่แสวงหากำไร,False
ร้องไห้,True
คำแนะนำ,False
จัดแสดง,False
ปากกา,True
ขัดจังหวะ,False
มะนาว,False
การล้มละลาย,False
ลาออก,False
ที่เด่น,False
การบุกรุก,False
ศักดิ์สิทธิ์,False
ทดแทน,False
วาดภาพ,False
ล่า,False
แยกแยะ,False
ละลาย,False
ฉันทามติ,False
จูบ,False
ภาษาฝรั่งเศส,False
ฮาร์ดแวร์,False
รถไฟ,True
เย็น,True
เพื่อน,True
แห้ง,False
เกาหลี,False
ห้องโดยสาร,False
การรับประทานอาหาร,False
เสรีนิยม,False
งู,True
ยาสูบ,False
ปฐมนิเทศ,False
สิ่งกระตุ้น,False
ที่ไหนก็ได้,True
ยึด,False
ใช้ในทางที่ผิด,False
ความยุ่งเหยิง,False
ลงโทษ,True
เซ็กซี่,False
พรรณนา,False
ป้อนข้อมูล,False
ดูเหมือน,False
แพร่หลาย,False
คู่แข่ง,False
พลิก,False
น้องใหม่,False
บริจาค,False
ธุรการ,False
ผู้บริจาค,False
ค่อยๆ,False
มองข้าม,False
ห้องน้ำ,True
พึงพอใจ,False
คล้ายคลึงกับ,False
อุดมการณ์,False
ความรุ่งโรจน์,False
ขีดสุด,False
อวัยวะ,False
ข้าม,True
เริ่มต้น,False
แปรง,False
อิฐ,False
ไส้,True
การจอง,False
กบฏ,False
ที่ผิดหวัง,False
ต้นโอ๊ก,False
ถูกต้อง,False
อาจารย์,True
กู้ภัย,False
การเหยียดเชื้อชาติ,False
เงินบำนาญ,False
โรคเบาหวาน,False
โดยรวม,False
กลุ่ม,True
กระตือรือร้น,False
กัญชา,True
การต่อสู้,False
ชื่นชม,False
ชุดแต่งกาย,False
ที่หก,False
บ่อย,True
แรงบันดาลใจ,False
ส้ม,True
คอนกรีต,False
การทำอาหาร,False
การกบฏ,False
ลักษณะนิสัย,False
รถตู้,True
สถาบัน,False
กระเทียม,False
ดื่มเหล้า,False
การตอบสนอง,False
คริสตัล,False
ยืด,False
มือโปร,False
ที่เกี่ยวข้อง,False
เฮลิคอปเตอร์,False
ที่ปรึกษา,False
สมการ,False
โรมัน,False
ช่ำชอง,False
เวลา,True
สมเด็จพระสันตะปาปา,False
โอเปร่า,False
จริยธรรม,False
ภูเขา,True
ข้อบ่งชี้,False
แรงจูงใจ,False
ระเบียง,False
เสริมกำลัง,False
จ้องมอง,False
ของเราเอง,False
ตัก,False
เขียนไว้,False
ย้อนกลับ,False
สตาร์ทเตอร์,False
บาดเจ็บ,False
เรื้อรัง,False
ต่อ,True
พิเศษ,True
พันเอก,False
สำเนา,False
เนื้อวัว,False
ต่างประเทศ,False
ขอบคุณพระเจ้า,False
ความเข้ม,False
ความต้องการ,False
ถ้ำ,False
ชั้นใต้ดิน,False
ที่เกี่ยวข้อง,False
ไม่เหมือน,False
น่าหลงใหล,False
มีปฏิสัมพันธ์,False
ภาพประกอบ,False
รายวัน,False
แก่นแท้,False
คอนเทนเนอร์,False
ขับรถ,False
สิ่งของ,False
พลวัต,False
ยิม,False
ค้างคาว,False
วิงวอน,False
การส่งเสริม,False
ความไม่แน่นอน,False
ความเป็นเจ้าของ,False
อย่างเป็นทางการ,False
แท็ก,False
สารคดี,True
ลำต้น,False
น้ำท่วม,True
ความผิด,False
ข้างใน,True
เตือน,False
ไก่งวง,False
จัดการ,False
วินิจฉัย,False
ล้ำค่า,False
กลืน,False
ริเริ่ม,False
ฟิตเนส,False
จำกัด,False
อ่าว,True
สนับสนุน,False
แม่,True
คาดไม่ถึง,False
ยัก,False
เกษตรกรรม,False
เสียสละ,False
คลื่นความถี่,False
มังกร,True
แบคทีเรีย,False
ชายฝั่ง,False
บาทหลวง,False
หน้าผา,False
เรือ,False
เพียงพอ,False
ข่มขืน,False
ส่วนที่เพิ่มเข้าไป,False
แท็คเกิล,False
อาชีพ,True
เขียน,True
ชิ้น,False
กล้าหาญ,False
ทหาร,True
สิ่งเร้า,False
สิทธิบัตร,False
ผง,False
รุนแรง,False
ความวุ่นวาย,False
ชุด,True
นี้,False
เปียโน,False
แปลกใจ,True
ให้ยืม,False
อย่างถูกต้อง,False
โครงการ,False
ปกครอง,False
เจียมเนื้อเจียมตัว,False
แบ่งปัน,False
นักจิตวิทยา,False
คนรับใช้,False
ล้นหลาม,False
ลิฟต์,False
ชาวสเปน,False
พระเจ้า,False
การแพร่เชื้อ,False
ก้น,False
อย่างธรรมดา,False
คาวบอย,False
ผ่อนปรน,False
เจตนา,False
การให้คำปรึกษา,False
อ่อนโยน,False
จังหวะ,False
สั้น,True
ความซับซ้อน,False
อย่างไรก็ตาม,False
ประสิทธิผล,False
เหงา,False
สถิติ,False
เวลานาน,False
ความเครียด,False
บริษัท,True
ขยะ,False
อุทิศ,False
ความเร็ว,False
กิจการ,False
ล็อค,False
ผู้ช่วย,False
บอบบาง,False
คัน,False
สูงสุด,False
พลเรือน,False
เสื้อยืด,True
อดทน,False
พลเรือน,False
ตะกร้า,False
เข้มงวด,False
ผู้แพ้,False
แฟรนไชส์,False
นักบุญ,False
จุดมุ่งหมาย,False
ดำเนินคดี,False
กัด,True
เนื้อเพลง,False
สารประกอบ,False
สถาปัตยกรรม,False
เข้าถึง,False
ปลายทาง,True
รับมือ,False
จังหวัด,True
ผลรวม,False
บรรยาย,False
หก,True
แท้,False
ชั้นบน,False
ประท้วง,False
การค้าขาย,False
โปรด,True
การยอมรับ,False
การเปิดเผย,False
มีนาคม,False
ตัวบ่งชี้,False
การทำงานร่วมกัน,False
สำนวน,False
ปรับแต่ง,False
สแลม,False
หลีกเลี่ยงไม่ได้,False
ลิง,True
จนถึง,True
มาตรการ,False
มีประสิทธิผล,False
อาจารย์ใหญ่,False
เสร็จ,True
ยีนส์,False
สหาย,False
นักโทษ,False
เพิ่ม,False
ผู้รับ,False
ในทางปฏิบัติ,False
อาร์เรย์,False
โน้มน้าว,False
บ่อนทำลาย,False
ใช่,False
ฟาร์มปศุสัตว์,False
ลูกเสือ,False
เหรียญ,True
ไม่มีที่สิ้นสุด,False
การแปล,False
สกี,False
การอนุรักษ์,False
ที่อยู่อาศัย,False
ผู้รับเหมา,False
รถพ่วง,False
เหยือก,False
ผ้าขนหนู,False
ลาก่อน,False
อันตราย,True
โบนัส,False
อย่างมาก,False
ประเภท,True
ผู้โทร,False
ทางออก,False
ตะขอ,False
พฤติกรรม,False
ละเว้น,False
หลุม,False
อาสาสมัคร,True
น่าเบื่อ,False
ตะขอ,False
ระงับ,False
คอเลสเตอรอล,False
ปิด,True
โฆษณา,False
ระเบิด,False
ปรึกษา,False
เผชิญ,False
ความเชี่ยวชาญ,False
ผู้สร้าง,False
สงบ,True
อารมณ์เสีย,False
ให้,True
ยาเม็ด,False
เป่า,False
การพิจารณาคดี,False
ปล่อย,False
ภาวะโลกร้อน,False
ทุน,False
มีเหตุผล,False
คลาสสิก,False
ใช้,True
ต้นสน,False
อดีต,False
ขม,True
อารักขา,False
ศัลยแพทย์,False
ซื้อได้,False
เทนนิส,False
ศิลปะ,False
ดาวน์โหลด,False
ความทุกข์,False
ความแม่นยำ,False
การรู้หนังสือ,False
คลัง,False
เก่ง,True
มงกุฎ,False
ที่สำคัญ,False
เปลือย,False
ล่องหน,False
จ่า,False
กฎระเบียบ,False
นิ้วหัวแม่มือ,False
อาณานิคม,False
ที่เดิน,False
เข้าถึงได้,False
สาปแช่ง,False
บูรณาการ,False
คู่สมรส,False
รางวัล,True
ความตื่นเต้น,False
ที่อยู่อาศัย,False
ตัวหนา,False
วัยรุ่น,False
กรีก,False
ตุ๊กตา,False
ออกซิเจน,False
การเงิน,False
แรงโน้มถ่วง,False
การทำงาน,False
พระราชวัง,True
เสียงก้อง,False
ฝ้าย,False
กู้ภัย,False
โดยประมาณ,False
โปรแกรม,False
รับรอง,True
ผู้ร่างกฎหมาย,False
การกำหนด,False
แฟลช,False
พร้อมกัน,False
พลวัต,False
เปลือก,False
คำใบ้,False
กรอบ,False
ดูแล,True
รีบ,True
ศาสนาคริสต์,False
ทำให้เสียสมาธิ,False
ห้าม,True
ถูกกล่าวหา,False
กฎเกณฑ์,False
ค่า,False
ชีววิทยา,False
สาธารณรัฐ,False
ผู้ติดตาม,False
น่ารังเกียจ,False
ชัดเจน,False
ก่อน,True
สารภาพ,False
มีสิทธิ์,False
รูปภาพ,True
หิน,False
กับดัก,False
ยินยอม,False
ปั๊ม,True
ลง,True
เลือด,True
เกลียด,True
เป็นครั้งคราว,False
กระโปรงหลังรถ,False
ห้าม,True
อย่างยั่งยืน,False
ท้อง,True
ธนาคาร,True
ไอ้สารเลว,False
วารสารศาสตร์,False
แฟลช,False
เฉลี่ย,False
อุปสรรค,False
สันเขา,False
รักษา,True
ไอ้สารเลว,False
เชียร์,False
ขอโทษ,False
เนื้องอก,False
สถาปนิก,False
ข้อมือ,False
ท่าเรือ,True
หล่อ,True
พล่าม,False
อาณาจักร,False
เดิมพัน,False
บิด,False
สารวัตร,False
การเฝ้าระวัง,False
การบาดเจ็บ,False
สร้างใหม่,False
โรแมนติก,False
ทั้งหมด,False
วันกำหนดส่ง,False
อายุ,False
คลาสสิก,False
ถ่ายทอด,False
ค่าตอบแทน,False
แมลง,False
อภิปราย,False
ผลผลิต,False
รัฐสภา,False
สวีท,False
ต่อต้าน,False
พับ,False
การแยกจากกัน,False
ปีศาจ,False
การกิน,False
โครงสร้าง,False
นอกจากนี้,False
ความเท่าเทียมกัน,False
ตรรกะ,False
ความน่าจะเป็น,False
รอคอย,False
ใจกว้าง,False
การเข้าซื้อกิจการ,False
การดูแล,False
ประนีประนอม,False
ทักทาย,False
ขยะ,False
ตุลาการ,False
แผ่นดินไหว,False
บ้า,False
เหมือนจริง,False
ตื่น,True
ประกอบ,False
ความจำเป็น,False
แตร,False
พารามิเตอร์,False
กริป,False
แก้ไข,True
สัญญาณ,False
สปอนเซอร์,False
คณิตศาสตร์,False
โถงทางเดิน,False
แอฟริกันอเมริกัน,False
ใด ๆ,False
ความรับผิด,False
คลาน,False
ทฤษฎี,False
ประณาม,False
ของเหลว,False
บ้านเกิด,False
เทคโนโลยี,False
การสอบ,False
สมอ,False
สะกด,True
กำลังพิจารณา,False
มีสติ,False
วิตามิน,False
เป็นที่รู้จัก,False
ตัวประกัน,False
จอง,True
อย่างแข็งขัน,False
โรงสี,False
วัยรุ่น,False
เคารพ,False
เรียกค้น,False
กำลังประมวลผล,False
ความรู้สึก,False
ถวาย,False
ทางปาก,False
มั่นใจ,True
การถ่ายภาพ,False
เหรียญ,True
แล็ปท็อป,False
ตีกลับ,False
ความดี,False
สังกัด,False
ต่อย,False
ระเบิด,False
ผึ้ง,False
พร,True
สั่งการ,False
ต่อเนื่อง,False
ข้างต้น,False
ลงจอด,False
ซ่อมแซม,False
กังวล,True
พิธีกรรม,False
อาบน้ำ,True
แอบดู,False
ในอดีต,False
โคลน,False
สแกน,False
เตือนความจำ,False
ของเธอ,False
ความเป็นทาส,False
หัวหน้างาน,False
ปริมาณ,False
โอลิมปิก,False
เพลิดเพลิน,False
ความลาดชัน,False
กระโปรง,True
ทางออก,False
ม่าน,False
ประกาศ,False
ผนึก,False
มีภูมิคุ้มกัน,False
สลับกัน,False
ปฏิทิน,False
วรรค,False
เหมือนกัน,True
เครดิต,False
เสียใจ,True
เควส,False
แบน,False
ผู้ประกอบการ,False
ระบุ,False
สะดุด,False
ดินเหนียว,False
กลางวัน,False
ล่าสุด,True
เปลื้องผ้า,False
ข้อศอก,False
โดดเด่น,False
เอ่อ-ฮะ,False
ความสามัคคี,False
เช่า,True
จัดการ,False
เครื่องบิน,True
ผลงาน,False
ลึกลับ,False
อร่อย,True
ตะวันตกเฉียงเหนือ,False
เหงื่อ,False
ลึกซึ้ง,False
เสียสละ,False
สมบัติ,False
แป้ง,False
เบาๆ,False
ชุมนุม,False
ค่าเริ่มต้น,False
ข้างๆ,False
ที่ราบ,False
กอด,True
แยก,False
การสำรวจ,False
ปลอดภัย,False
แขนขา,False
ลงทะเบียน,False
ด้านนอก,False
กฎบัตร,False
ทิศตะวันตกเฉียงใต้,False
หนี,True
อารีน่า,False
แม่มด,False
กำลังจะมาถึง,False
สี่สิบ,True
สักวันหนึ่ง,False
รวมกัน,False
มารยาท,False
รูปปั้น,False
กำปั้น,False
ปราสาท,False
แม่นยำ,False
ทีม,False
ล่องเรือ,False
เรื่องตลก,False
ถูกกฎหมาย,False
สถานทูต,False
ความอดทน,False
ปานกลาง,False
ดังนั้น,True
พุ่มไม้,False
สีม่วง,True
เพียร์,False
ไฟฟ้า,False
ชุดเสื้อผ้า,False
กรง,False
เกษียณแล้ว,False
ฉลาม,True
ล็อบบี้,False
ทางเท้า,False
ใกล้,True
นักวิ่ง,False
ข้อเท้า,False
สถานที่ท่องเที่ยว,False
คนโง่,False
เทียม,False
ความเมตตา,False
ชนพื้นเมือง,False
ตบ,True
ปรับแต่ง,False
นักเต้น,True
เทียน,False
ทางเพศ,False
เข็ม,False
ที่ซ่อนอยู่,False
พงศาวดาร,False
ชานเมือง,False
พิษ,False
พื้นฐาน,False
เซ็นเซอร์,False
ปรับใช้,False
เปิดตัว,False
ดาว,False
ขนาด,True
ความสงสัย,False
มือโปร,False
อาณานิคม,False
ไอคอน,False
ยาย,True
ข้อมูล,False
อำนาจศาล,False
ชาวอิหร่าน,False
อาวุโส,False
ขบวนพาเหรด,False
ผนึก,False
คลังเก็บเอกสารสำคัญ,False
มีพรสวรรค์,False
ความโกรธ,False
กลางแจ้ง,False
ตอนจบ,False
ห่วง,False
โดยสิ้นเชิง,False
ไล่ล่า,False
การเผาไหม้,False
แผนกต้อนรับ,False
ท้องถิ่น,False
บดขยี้,False
หลักฐาน,False
ถือว่า,False
อัตโนมัติ,False
วาฬ,False
เครื่องกล,False
ความน่าเชื่อถือ,False
ท่อระบายน้ำ,False
ล่องลอย,False
ความภักดี,False
สัญญา,True
กระแสน้ำ,False
นักเดินทาง,False
ความเศร้าโศก,False
คำอุปมา,False
กะโหลก,False
ไล่ตาม,False
นักบำบัดโรค,False
สำรอง,False
ที่ทำงาน,False
สัญชาตญาณ,False
ส่งออก,False
เลือดออก,False
ช็อก,False
ที่เจ็ด,False
แก้ไขแล้ว,False
ออกอากาศ,False
เปิดเผย,True
การดำเนินการ,False
เพื่อน,True
ซิกซี้,False
ปั๊ม,True
ความหนาแน่น,False
การแก้ไข,False
ตัวแทน,True
กระโดด,False
ซ่อมแซม,False
เล็กน้อย,False
บรรเทา,False
เพื่อนร่วมทีม,False
แปรง,False
ทางเดิน,False
ภาษารัสเซีย,False
ความกระตือรือร้น,False
ขยายเวลา,False
ราก,False
ใช้ได้,False
ตื่นตกใจ,False
เบาะ,True
ประมูล,False
อ่อน,False
ผลผลิต,False
เดา,False
เหน็บ,False
ความพ่ายแพ้,False
ทางรถไฟ,False
แช่แข็ง,True
ลดขนาด,False
ท่ามกลาง,False
การตรวจสอบ,False
แท็กซี่,True
ที่คาดหวัง,False
เรื่องไร้สาระ,False
เผ่น,False
ร่าง,False
ผู้ขี่,False
เทววิทยา,False
ยอดเยี่ยม,True
สำเนียง,False
การเชิญ,False
ตอบ,False
อิสราเอล,True
คนโกหก,False
ดูแล,True
งุ่มง่าม,False
การลงทะเบียน,False
ชานเมือง,False
ด้ามจับ,False
โมเมนตัม,False
ทันที,False
พนักงาน,True
คาง,False
ฮอกกี้,False
เลเซอร์,False
ข้อเสนอ,False
ปล้น,False
บีม,False
บรรพบุรุษ,False
ความคิดสร้างสรรค์,False
กลอน,False
ไม่เป็นทางการ,False
คัดค้าน,False
ฉลาด,False
ที่ให้ไว้,False
ผลัก,False
นักปฏิวัติ,False
คาร์โบไฮเดรต,False
ไอน้ำ,False
มีรายงานว่า,False
ชำเลือง,False
หน้าผาก,False
ประวัติย่อ,False
สไลด์,False
แกะ,True
ดี,True
พรม,False
ผ้า,True
ภายใน,False
เต็มเวลา,False
วิ่ง,True
แบบสอบถาม,False
ประนีประนอม,False
การออกเดินทาง,False
นาม,False
กราฟ,False
ทางการทูต,False
ขโมย,False
สมุนไพร,False
เงินอุดหนุน,False
หล่อ,True
ฟอสซิล,False
สายตรวจ,False
ชีพจร,False
ช่างเครื่อง,False
วัว,True
คัดกรอง,False
ต่อเนื่อง,False
การเลือกตั้ง,False
คาดคะเน,False
ศักดิ์ศรี,False
ผู้เผยพระวจนะ,False
ความเห็น,False
เรียงลำดับ,False
การแพร่กระจาย,False
เสิร์ฟ,False
อย่างปลอดภัย,False
การบ้าน,False
ถูกกล่าวหา,False
หุ่นยนต์,False
อัลฟ่า,False
แทรก,False
การตาย,False
โต้แย้ง,False
ช้าง,True
แต่เพียงผู้เดียว,False
เจ็บ,True
ทวีป,False
คุณลักษณะ,False
ระบบนิเวศ,False
ออกจาก,False
ใกล้เคียง,False
มะกอก,False
ซินโดรม,False
ขั้นต่ำ,False
จับ,True
นามธรรม,False
ข้อกล่าวหา,False
มา,True
ถุงเท้า,True
หยิบ,True
รถรับส่ง,False
ดีขึ้น,False
การคำนวณ,False
นวัตกรรม,False
ข้อมูลประชากร,False
รองรับ,False
กราม,False
ไม่ยุติธรรม,False
โศกนาฏกรรม,False
ประกอบด้วย,False
เร็วขึ้น,False
โภชนาการ,False
ที่ปรึกษา,False
ท่าที,False
กระต่าย,False
หยุดชั่วคราว,True
จุด,True
ผู้มีส่วนร่วม,False
ให้ความร่วมมือ,False
ดิสก์,False
ลังเล,False
คำนึงถึง,False
ทำให้ขุ่นเคือง,False
เอาเปรียบ,False
บังคับ,False
ความน่าจะเป็น,False
พี่น้อง,True
ตะวันออกเฉียงใต้,False
งดงาม,False
ดำเนินการ,False
จิตรกร,False
ที่อยู่อาศัย,False
คู่หู,False
ผู้เชื่อ,False
โคมไฟ,True
ผู้ต้องขัง,False
อย่างทั่วถึง,False
ติดตาม,False
ประหลาด,False
กรอง,True
หมอน,False
วงโคจร,False
กระเป๋าเงิน,True
เช่นเดียวกัน,False
หยุด,True
ผ่าน,True
ให้อาหาร,False
หายตัวไป,False
การเรียนการสอน,False
ข้อ,False
จิตใจ,False
แบบอย่าง,False
ซ้าย,True
บ่อน้ำ,False
เป็นกลาง,False
โล่,False
ความนิยม,False
การ์ตูน,False
อนุญาต,False
รวมกัน,False
จัดแสดง,False
จม,True
กราฟิก,False
ที่รัก,False
ตามธรรมเนียม,False
ผู้ขาย,False
ไม่ดี,True
ตั้งครรภ์,False
เลือก,True
ลงมา,False
แน่น,True
ที่รัก,False
อย่างเปิดเผย,False
การชุมนุม,False
มนุษย์ต่างดาว,False
ลำต้น,False
ไข้,True
สั่งสอน,False
รบกวน,False
ลูกศร,False
ที่จำเป็น,False
ทุนนิยม,False
เตะ,True
ส้อม,True
สำรวจ,False
ในขณะเดียวกัน,False
คงจะ,False
ตำแหน่ง,False
เหยียดผิว,False
อยู่,True
ภาพลวงตา,False
การกำจัด,False
กังวล,True
อาหรับ,False
สิ่งมีชีวิต,False
ตื่น,True
ประติมากรรม,False
สำรอง,False
มารีน,False
การล่วงละเมิด,False
กลอง,False
ลดน้อยลง,False
หมวกนิรภัย,False
ระดับ,False
ใบรับรอง,False
ชนเผ่า,False
แย่,True
mmm,False
เศร้า,True
รถเข็น,False
สอดแนม,False
แสงแดด,False
ลบ,True
มือใหม่,False
ชี้แจง,False
ความหิว,False
ผู้ประกอบการ,False
นักแสดง,True
ป้องกัน,False
ไห,False
การเขียนโปรแกรม,False
รุ่งอรุณ,False
แซลมอน,False
สำมะโน,False
เลือก,True
ความสำเร็จ,False
มโนธรรม,False
โชคดี,False
มินิมอล,False
โมเลกุล,False
สนับสนุน,False
เพียงผู้เดียว,False
เกณฑ์,False
รายการสิ่งของ,False
ปฏิบัติตาม,False
การเงิน,False
ขนส่ง,True
อาย,False
เจาะ,True
ทรงอิทธิพล,False
วาจา,False
รางวัล,True
อันดับ,False
กรัม,False
เข้าใจ,True
ปริศนา,False
ซองจดหมาย,False
ความร้อน,False
จำแนก,False
ตรากฎหมาย,False
โชคร้าย,False
กระจาย,False
รักษา,True
เวลา,True
ที่รัก,False
ชิ้น,False
อย่างง่ายดาย,False
สาปแช่ง,False
การลดราคา,False
ติดยาเสพติด,False
เกิดใหม่,False
คุ้มค่า,False
เครื่องหมาย,False
คณะลูกขุน,False
กล่าวถึง,False
ผสมผสาน,False
นักธุรกิจ,False
พรีเมี่ยม,False
ร้านค้าปลีก,False
ค่าใช้จ่าย,False
ตับ,True
โจรสลัด,False
ผู้ประท้วง,False
แนวโน้ม,False
พี่,True
แกลลอน,False
นอกจากนี้,False
ความไม่รู้,False
เคมี,False
บางครั้ง,True
วัชพืช,False
ที่รัก,False
เศษส่วน,False
ทำอาหาร,True
การแปลง,False
วัตถุ,False
ทนต่อ,False
เส้นทาง,False
จมน้ำ,False
บุญ,True
สัญชาติ,False
ผู้ประสานงาน,False
ความถูกต้อง,False
ยุโรป,False
ฟ้าผ่า,False
เต่า,False
ความทะเยอทะยาน,False
ทั่วโลก,False
แล่นเรือ,False
เพิ่ม,False
ละเอียดอ่อน,False
การ์ตูน,False
สบู่,False
ศัตรู,False
สั่งสอน,False
ขาดแคลน,False
ไร้ประโยชน์,False
บูธ,False
ไดอารี่,False
หอบ,False
สงสัย,False
ทางผ่าน,False
excite,False
สำนักพิมพ์,False
ความอยากรู้,False
ตะแกรง,False
กลิ้ง,False
โค้งคำนับ,False
โหดร้าย,False
การเปิดเผย,False
คู่แข่ง,False
ปฏิเสธ,True
ฆราวาส,False
น้ำท่วม,True
การเก็งกำไร,False
ความเห็นอกเห็นใจ,False
อ่อนโยน,False
ไม่เหมาะสม,False
โมง,False
โซเดียม,False
หย่า,False
ฤดูใบไม้ผลิ,True
ปัง,False
การท้าทาย,False
ipad,False
กระสอบ,False
โรงนา,False
ความน่าเชื่อถือ,False
ฮอร์โมน,False
ภาพ,False
แกะสลัก,False
ซอย,True
ผ่อนปรน,False
ชายฝั่งทะเล,False
คาเฟ่,False
บางส่วน,False
ยืดหยุ่นได้,False
มีประสบการณ์,False
ผสม,True
แวมไพร์,False
มองโลกในแง่ดี,False
ขนม,False
ความเป็นอยู่ที่ดี,False
ภาคตะวันออกเฉียงเหนือ,False
เชี่ยวชาญ,False
กองเรือ,False
ความพร้อมใช้งาน,False
การปฏิบัติตาม,False
เข็มหมุด,False
เนื้อหมู,False
นักดาราศาสตร์,False
ชอบ,True
ห้าม,True
การติดตั้ง,False
ต้ม,True
รัง,False
เฉพาะ,False
แพะ,False
ตื้น,False
อุปกรณ์,False
เทียบเท่า,False
ทรยศ,False
ความเต็มใจ,False
นายธนาคาร,False
ช่วงเวลา,False
น้ำมันเบนซิน,False
กำลังใจ,False
ฝน,True
แลกเปลี่ยน,False
ถัง,True
ขโมย,False
ซักรีด,False
ข้อจำกัด,False
กำลังจะตาย,False
ความเกลียดชัง,False
เครื่องประดับ,False
การโยกย้าย,False
สิ่งประดิษฐ์,False
ที่รัก,False
แก้แค้น,False
ไม่เคยมีมาก่อน,False
เค้าร่าง,False
เลี่ยง,False
ฮาโลวีน,False
หวานใจ,False
น้ำลาย,False
ขี้เกียจ,True
สนิทสนม,False
ผู้ปกป้อง,False
ในทางเทคนิค,False
การต่อสู้,False
รักษา,True
ถั่วลิสง,True
ไม่ชัดเจน,False
ปัสสาวะ,False
ออกกำลังกาย,True
ถิ่นทุรกันดาร,False
น่าสนใจ,False
สิบเอ็ด,False
แขน,True
สนามหลังบ้าน,False
เหมือนกัน,True
บางส่วน,False
ขนส่ง,True
ผู้ปกครอง,False
หลงใหล,False
คัมภีร์,False
ท่ามกลาง,False
อุดมการณ์,False
ห่างกัน,False
เจริญเติบโต,False
ความไว,False
สิ่งกระตุ้น,False
ทางอารมณ์,False
งมงาย,False
อย่างชัดเจน,False
แฉ,False
ปวดหัว,False
นิรันดร์,False
สับ,True
อาตมา,False
งดงาม,False
เงินฝาก,False
คำตัดสิน,False
คำนึงถึง,False
ความรับผิดชอบ,False
เสนอชื่อ,False
พลเมือง,False
เปิดเผย,True
วิจารณ์,False
ทางเดิน,False
เขตร้อน,False
ทุกปี,False
ที่แปด,False
ระเบิด,False
ทุจริต,False
ความเห็นอกเห็นใจ,False
เกา,True
ตรวจสอบ,False
ผู้กระทำความผิด,False
สืบทอด,False
มุ่งมั่น,False
ตัวเมือง,False
ก้อน,False
ชื่นชม,False
ผ้าใบ,False
ต่อย,False
ช่วงเวลาสั้น ๆ,False
การพิจารณาคดี,False
วิเศษ,False
ซื่อสัตย์,False
อ่าา,False
หมดหวัง,False
บัลลังก์,False
โหดร้าย,False
ทั้งๆ ที่,False
โฆษณาชวนเชื่อ,False
ประชด,False
โซดา,False
การฉายภาพ,False
ภาษาดัตช์,False
ผู้ปกครอง,False
พิการ,False
นักสะสม,False
การเลือกตั้งใหม่,False
ความผิดหวัง,False
การ์ตูน,False
ช่วยเหลือ,False
อย่างมีความสุข,False
สูงชัน,False
ไม่ธรรมดา,False
เคาน์เตอร์,False
ผู้ฟัง,False
แส้,False
สาธารณะ,False
ลิ้นชัก,False
แฮก,False
พัฒนาการ,False
ในอุดมคติ,False
เถ้า,False
เข้าสังคม,False
ห้องพิจารณาคดี,False
ประทับ,True
โซโล,False
เทรนเนอร์,False
กระตุ้น,False
ทุกเวลา,False
คุณธรรม,False
ซีเรีย,False
ไปป์ไลน์,False
เจ้าสาว,False
ทันที,False
จุดประกาย,False
ประตู,True
อินเตอร์เฟซ,False
ผู้เรียน,False
คาสิโน,False
ตำแหน่ง,False
สาย,True
พัดลม,False
ความคิด,True
ความยืดหยุ่น,False
เจ้า,False
ภาษี,False
สง่างาม,False
ข้อบกพร่อง,False
ตู้เก็บของ,False
ปอก,True
แคมเปญ,False
บิด,False
สะกด,True
วัตถุประสงค์,False
ข้ออ้างคำร้องขอ,False
แย่แล้ว,False
นำเข้า,False
ซ้อนกัน,False
เอ้ย,False
ปรัชญา,False
ขยะ,False
จักรยาน,True
แกนนำ,False
เคี้ยว,False
โชคชะตา,False
ทะเยอทะยาน,False
เหลือเชื่อ,False
รอง,False
ครึ่งทาง,False
อิจฉา,True
ทรงกลม,False
บุก,False
สปอนเซอร์,False
มากเกินไป,False
นับไม่ถ้วน,False
พระอาทิตย์ตก,True
ภายใน,False
การบัญชี,False
ซื่อสัตย์,False
ได้อย่างอิสระ,False
สารสกัด,False
การปรับตัว,False
เรย์,False
หดหู่,False
จักรพรรดิ,False
เกวียน,False
คอลัมนิสต์,False
ป่า,True
เขินอาย,False
ล้านล้าน,False
สายลม,False
ตำหนิ,False
อุปถัมภ์,False
สถานที่จัดงาน,False
กีดกัน,False
รบกวน,False
จลาจล,False
การแยกตัว,False
ชัดเจน,False
สินค้าโภคภัณฑ์,False
การเข้าร่วม,False
แท็บ,False
เพราะเหตุนี้,False
แป้งโด,False
นิยาย,False
ริ้ว,False
ผ้าไหม,False
ความเหมือน,False
สเต็ก,False
เต้นรำ,False
คำร้อง,False
ทำงานได้,False
การหายใจ,False
mm,False
บอลลูน,False
อนุสาวรีย์,True
ลอง,True
คิว,False
ปลอกหุ้ม,False
ค่าผ่านทาง,False
ไม่เต็มใจ,False
ใบสำคัญแสดงสิทธิ,False
แข็ง,False
สัก,True
เบาๆ,False
กะทันหัน,False
การสำเร็จการศึกษา,False
ญี่ปุ่น,False
อย่างจงใจ,False
ต่อเนื่องกัน,False
อัพเกรด,False
ที่เกี่ยวข้อง,False
อย่างแม่นยำ,False
อย่างเคร่งครัด,False
รั่ว,False
ผู้บาดเจ็บ,False
เสี่ยง,False
กล้วย,True
ว่างเปล่า,False
เป็นประโยชน์,False
หด,False
แชท,False
ชั้นวาง,False
หยาบคาย,False
การใช้งาน,False
พินัยกรรม,False
เบราว์เซอร์,False
โปรเซสเซอร์,False
ต้นขา,False
ที่รับรู้,False
ผลผลิต,False
การพูด,False
พ่อค้า,False
ควอนตัม,False
คิ้ว,False
รอบ ๆ,False
คำศัพท์,True
ละอาย,False
เอ๊ะ,False
เรดาร์,False
น่าทึ่ง,False
ฆาตกร,False
เบอร์เกอร์,False
ปลอกคอ,False
align,False
หนังสือเรียน,False
ความรู้สึก,False
หลังจากนั้น,True
เสน่ห์,True
แดดจัด,False
ค้อน,False
แป้นพิมพ์,False
ยังคงมีอยู่,False
ข้าวสาลี,False
นักล่า,False
แปลกประหลาด,False
